camera,subfolder_key,file_key
CAM01,,01072022
CAM01,,03062022
CAM01,,04062022
CAM01,,05052022
CAM01,,12042022
CAM01,,17042022
CAM01,,21082022
CAM01,,26102022
CAM01,,28092022
CAM01,,30052022
CAM01,,30072022
CAM01,,31072022
CAM02,,02092019
CAM02,,03052019
CAM02,,04052019
CAM02,,04092019
CAM02,,06102019
CAM02,,07092019
CAM02,,09042019
CAM02,,09052019
CAM02,,10102019
CAM02,,14042019
CAM02,,15082019
CAM02,,16102019
CAM02,,17092019
CAM02,,19082019
CAM02,,20042019
CAM02,,21042019
CAM02,,21092019
CAM02,,21102019
CAM02,,23102019
CAM02,,25042019
CAM02,,25082019
CAM02,,29082019
CAM03,,01102019
CAM03,,02102019
CAM03,,04102019
CAM03,,07102019
CAM03,,10102019
CAM03,,16102019
CAM03,,26092019
CAM03,,27092019
CAM03,100EK113,EK000001
CAM03,100EK113,EK000003
CAM03,101EK113,01050001
CAM03,101EK113,01050002
CAM03,101EK113,01050003
CAM03,101EK113,01050004
CAM03,101EK113,01050005
CAM03,101EK113,01050006
CAM03,101EK113,01050007
CAM03,101EK113,01050008
CAM03,101EK113,01050009
CAM03,101EK113,01050010
CAM03,101EK113,01050011
CAM03,101EK113,01050012
CAM03,101EK113,01050013
CAM03,101EK113,01050014
CAM03,101EK113,01050015
CAM03,101EK113,01050016
CAM03,101EK113,01050017
CAM03,101EK113,01050018
CAM03,101EK113,01050019
CAM03,101EK113,01050020
CAM03,101EK113,01050021
CAM03,101EK113,01050022
CAM03,101EK113,01050023
CAM03,101EK113,01050024
CAM03,101EK113,01050025
CAM03,101EK113,01050026
CAM03,101EK113,01050027
CAM03,101EK113,01050028
CAM03,101EK113,01050029
CAM03,101EK113,01050030
CAM03,101EK113,01050031
CAM03,101EK113,01050032
CAM03,101EK113,01050033
CAM03,101EK113,01050034
CAM03,101EK113,01050035
CAM03,101EK113,01050036
CAM03,101EK113,01050037
CAM03,101EK113,01050038
CAM03,101EK113,01050039
CAM03,101EK113,01050040
CAM03,101EK113,01050041
CAM03,101EK113,01050042
CAM03,101EK113,01050043
CAM03,101EK113,01050044
CAM03,101EK113,01050045
CAM03,101EK113,01050046
CAM03,101EK113,01050047
CAM03,101EK113,01050048
CAM03,101EK113,01050049
CAM03,101EK113,01050050
CAM03,101EK113,01050051
CAM03,101EK113,01050052
CAM03,101EK113,01050053
CAM03,101EK113,01050054
CAM03,101EK113,01050055
CAM03,101EK113,01050056
CAM03,101EK113,01050057
CAM03,101EK113,01050058
CAM03,101EK113,01050059
CAM03,101EK113,01050060
CAM03,101EK113,01050061
CAM03,101EK113,01050062
CAM03,101EK113,01050063
CAM03,101EK113,01050064
CAM03,101EK113,01050065
CAM03,101EK113,01050066
CAM03,101EK113,01050067
CAM03,101EK113,01050068
CAM03,101EK113,01050069
CAM03,101EK113,01050070
CAM03,101EK113,01050071
CAM03,101EK113,01050072
CAM03,101EK113,01050073
CAM03,101EK113,01050074
CAM03,101EK113,01050075
CAM03,101EK113,01050076
CAM03,101EK113,01050077
CAM03,101EK113,01050078
CAM03,101EK113,01050079
CAM03,101EK113,01050080
CAM03,101EK113,01050081
CAM03,101EK113,01050082
CAM03,101EK113,01050083
CAM03,101EK113,01050084
CAM03,101EK113,01050085
CAM03,101EK113,01050086
CAM03,101EK113,01050087
CAM03,101EK113,01050088
CAM03,101EK113,01050089
CAM03,101EK113,01050090
CAM03,101EK113,01050091
CAM03,101EK113,01050092
CAM03,101EK113,01050093
CAM03,101EK113,01050094
CAM03,101EK113,01050095
CAM03,101EK113,01050096
CAM03,101EK113,01050097
CAM03,101EK113,01050098
CAM03,101EK113,01050099
CAM03,101EK113,01050100
CAM03,101EK113,01050101
CAM03,101EK113,01060102
CAM03,101EK113,01060103
CAM03,101EK113,01060104
CAM03,101EK113,01060105
CAM03,101EK113,01060106
CAM03,101EK113,01060107
CAM03,101EK113,01060108
CAM03,101EK113,01060109
CAM03,101EK113,01060110
CAM03,101EK113,01060111
CAM03,101EK113,01060112
CAM03,101EK113,01060113
CAM03,101EK113,01060114
CAM03,101EK113,01060115
CAM03,101EK113,01060116
CAM03,101EK113,01060117
CAM03,101EK113,01060118
CAM03,101EK113,01060119
CAM03,101EK113,01060120
CAM03,101EK113,01060121
CAM03,101EK113,01060122
CAM03,101EK113,01060123
CAM03,101EK113,01060124
CAM03,101EK113,01060125
CAM03,101EK113,01060126
CAM03,101EK113,01060127
CAM03,101EK113,01060128
CAM03,101EK113,01060129
CAM03,101EK113,01060130
CAM03,101EK113,01060131
CAM03,101EK113,01060132
CAM03,101EK113,01060133
CAM03,101EK113,01060134
CAM03,101EK113,01060135
CAM03,101EK113,01060136
CAM03,101EK113,01060137
CAM03,101EK113,01060138
CAM03,101EK113,01060139
CAM03,101EK113,01060140
CAM03,101EK113,01060141
CAM03,101EK113,01060142
CAM03,101EK113,01060143
CAM03,101EK113,01060144
CAM03,101EK113,01060145
CAM03,101EK113,01060146
CAM03,101EK113,01060147
CAM03,101EK113,01060148
CAM03,101EK113,01060149
CAM03,101EK113,01060150
CAM03,101EK113,01060151
CAM03,101EK113,01060152
CAM03,101EK113,01060153
CAM03,101EK113,01060154
CAM03,101EK113,01060155
CAM03,101EK113,01060156
CAM03,101EK113,01060157
CAM03,101EK113,01060158
CAM03,101EK113,01060159
CAM03,101EK113,01060160
CAM03,101EK113,01060161
CAM03,101EK113,01060162
CAM03,101EK113,01060163
CAM03,101EK113,01060164
CAM03,101EK113,01060165
CAM03,101EK113,01060166
CAM03,101EK113,01060167
CAM03,101EK113,01060168
CAM03,101EK113,01060169
CAM03,101EK113,01060170
CAM03,101EK113,01060171
CAM03,101EK113,01060172
CAM03,101EK113,01060173
CAM03,101EK113,01060174
CAM03,101EK113,01060175
CAM03,101EK113,01060176
CAM03,101EK113,01060177
CAM03,101EK113,01060178
CAM03,101EK113,01060179
CAM03,101EK113,01060180
CAM03,101EK113,01060181
CAM03,101EK113,01060182
CAM03,101EK113,01060183
CAM03,101EK113,01060184
CAM03,101EK113,01060185
CAM03,101EK113,01060186
CAM03,101EK113,01060187
CAM03,101EK113,01060188
CAM03,101EK113,01060189
CAM03,101EK113,01060190
CAM03,101EK113,01060191
CAM03,101EK113,01060192
CAM03,101EK113,01060193
CAM03,101EK113,01060194
CAM03,101EK113,01060195
CAM03,101EK113,01060196
CAM03,101EK113,01060197
CAM03,101EK113,01060198
CAM03,101EK113,01060199
CAM03,101EK113,01060200
CAM03,101EK113,01060201
CAM03,101EK113,01060202
CAM03,101EK113,01060203
CAM03,101EK113,01060204
CAM03,101EK113,01060205
CAM03,101EK113,01060206
CAM03,101EK113,01060207
CAM03,101EK113,01060208
CAM03,101EK113,01060209
CAM03,101EK113,01060210
CAM03,101EK113,01060211
CAM03,101EK113,01060212
CAM03,101EK113,01060213
CAM03,101EK113,01060214
CAM03,101EK113,01060215
CAM03,101EK113,01060216
CAM03,101EK113,01060217
CAM03,101EK113,01060218
CAM03,101EK113,01060219
CAM03,101EK113,01060220
CAM03,101EK113,01060221
CAM03,101EK113,01060222
CAM03,101EK113,01060223
CAM03,101EK113,01060224
CAM03,101EK113,01060225
CAM03,101EK113,01060226
CAM03,101EK113,01060227
CAM03,101EK113,01060228
CAM03,101EK113,01060229
CAM03,101EK113,01060230
CAM03,101EK113,01060231
CAM03,101EK113,01060232
CAM03,101EK113,01060233
CAM03,101EK113,01060234
CAM03,101EK113,01060235
CAM03,101EK113,01060236
CAM03,101EK113,01060237
CAM03,101EK113,01060238
CAM03,101EK113,01060239
CAM03,101EK113,01060240
CAM03,101EK113,01060241
CAM03,101EK113,01060242
CAM03,101EK113,01060243
CAM03,101EK113,01060244
CAM03,101EK113,01060245
CAM03,101EK113,01060246
CAM03,101EK113,01060247
CAM03,101EK113,01060248
CAM03,101EK113,01060249
CAM03,101EK113,01060250
CAM03,101EK113,01060251
CAM03,101EK113,01060252
CAM03,101EK113,01060253
CAM03,101EK113,01060254
CAM03,101EK113,01060255
CAM03,101EK113,01060256
CAM03,101EK113,01060257
CAM03,101EK113,01060258
CAM03,101EK113,01060259
CAM03,101EK113,01060260
CAM03,101EK113,01060261
CAM03,101EK113,01060262
CAM03,101EK113,01060263
CAM03,101EK113,01060264
CAM03,101EK113,01060265
CAM03,101EK113,01060266
CAM03,101EK113,01060267
CAM03,101EK113,01060268
CAM03,101EK113,01060269
CAM03,101EK113,01060270
CAM03,101EK113,01060271
CAM03,101EK113,01060272
CAM03,101EK113,01060273
CAM03,101EK113,01060274
CAM03,101EK113,01060275
CAM03,101EK113,01060276
CAM03,101EK113,01060277
CAM03,101EK113,01060278
CAM03,101EK113,01060279
CAM03,101EK113,01060280
CAM03,101EK113,01060281
CAM03,101EK113,01060282
CAM03,101EK113,01060283
CAM03,101EK113,01060284
CAM03,101EK113,01060285
CAM03,101EK113,01060286
CAM03,101EK113,01060287
CAM03,101EK113,01060288
CAM03,101EK113,01060289
CAM03,101EK113,01060290
CAM03,101EK113,01060291
CAM03,101EK113,01060292
CAM03,101EK113,01060293
CAM03,101EK113,01060294
CAM03,101EK113,01060295
CAM03,101EK113,01060296
CAM03,101EK113,01060297
CAM03,101EK113,01060298
CAM03,101EK113,01060299
CAM03,101EK113,01060300
CAM03,101EK113,01060301
CAM03,101EK113,01060302
CAM03,101EK113,01060303
CAM03,101EK113,01060304
CAM03,101EK113,01060305
CAM03,101EK113,01060306
CAM03,101EK113,01060307
CAM03,101EK113,01060308
CAM03,101EK113,01060309
CAM03,101EK113,01060310
CAM03,101EK113,01060311
CAM03,101EK113,01060312
CAM03,101EK113,01060313
CAM03,101EK113,01060314
CAM03,101EK113,01060315
CAM03,101EK113,01060316
CAM03,101EK113,01060317
CAM03,101EK113,01060318
CAM03,101EK113,01060319
CAM03,101EK113,01060320
CAM03,101EK113,01060321
CAM03,101EK113,01060322
CAM03,101EK113,01060323
CAM03,101EK113,01060324
CAM03,101EK113,01060325
CAM03,101EK113,01060326
CAM03,101EK113,01060327
CAM03,101EK113,01060328
CAM03,101EK113,01060329
CAM03,101EK113,01060330
CAM03,101EK113,01060331
CAM03,101EK113,01060332
CAM03,101EK113,01060333
CAM03,101EK113,01060334
CAM03,101EK113,01060335
CAM03,101EK113,01060336
CAM03,101EK113,01060337
CAM03,101EK113,01060338
CAM03,101EK113,01060339
CAM03,101EK113,01060340
CAM03,101EK113,01060341
CAM03,101EK113,01070342
CAM03,101EK113,01070343
CAM03,101EK113,01070344
CAM03,101EK113,01070345
CAM03,101EK113,01070346
CAM03,101EK113,01070347
CAM03,101EK113,01070348
CAM03,101EK113,01070349
CAM03,101EK113,01070350
CAM03,101EK113,01070351
CAM03,101EK113,01070352
CAM03,101EK113,01070353
CAM03,101EK113,01070354
CAM03,101EK113,01070355
CAM03,101EK113,01070356
CAM03,101EK113,01070357
CAM03,101EK113,01070358
CAM03,101EK113,01070359
CAM03,101EK113,01070360
CAM03,101EK113,01070361
CAM03,101EK113,01070362
CAM03,101EK113,01070363
CAM03,101EK113,01070364
CAM03,101EK113,01070365
CAM03,101EK113,01070366
CAM03,101EK113,01070367
CAM03,101EK113,01070368
CAM03,101EK113,01070369
CAM03,101EK113,01070370
CAM03,101EK113,01070371
CAM03,101EK113,01070372
CAM03,101EK113,01070373
CAM03,101EK113,01070374
CAM03,101EK113,01070375
CAM03,101EK113,01070376
CAM03,101EK113,01070377
CAM03,101EK113,01070378
CAM03,101EK113,01070379
CAM03,101EK113,01070380
CAM03,101EK113,01070381
CAM03,101EK113,01070382
CAM03,101EK113,01070383
CAM03,101EK113,01070384
CAM03,101EK113,01070385
CAM03,101EK113,01070386
CAM03,101EK113,01070387
CAM03,101EK113,01070388
CAM03,101EK113,01070389
CAM03,101EK113,01070390
CAM03,101EK113,01070391
CAM03,101EK113,01070392
CAM03,101EK113,01070393
CAM03,101EK113,01070394
CAM03,101EK113,01070395
CAM03,101EK113,01070396
CAM03,101EK113,01070397
CAM03,101EK113,01070398
CAM03,101EK113,01070399
CAM03,101EK113,01070400
CAM03,101EK113,01070401
CAM03,101EK113,01070402
CAM03,101EK113,01070403
CAM03,101EK113,01070404
CAM03,101EK113,01070405
CAM03,101EK113,01070406
CAM03,101EK113,01070407
CAM03,101EK113,01070408
CAM03,101EK113,01070409
CAM03,101EK113,01070410
CAM03,101EK113,01070411
CAM03,101EK113,01070412
CAM03,101EK113,01070413
CAM03,101EK113,01070414
CAM03,101EK113,01070415
CAM03,101EK113,01070416
CAM03,101EK113,01070417
CAM03,101EK113,01070418
CAM03,101EK113,01070419
CAM03,101EK113,01070420
CAM03,101EK113,01070421
CAM03,101EK113,01070422
CAM03,101EK113,01070423
CAM03,101EK113,01070424
CAM03,101EK113,01070425
CAM03,101EK113,01070426
CAM03,101EK113,01070427
CAM03,101EK113,01070428
CAM03,101EK113,01070429
CAM03,101EK113,01070430
CAM03,101EK113,01070431
CAM03,101EK113,01070432
CAM03,101EK113,01070433
CAM03,101EK113,01070434
CAM03,101EK113,01070435
CAM03,101EK113,01070436
CAM03,101EK113,01070437
CAM03,101EK113,01070438
CAM03,101EK113,01070439
CAM03,101EK113,01070440
CAM03,101EK113,01070441
CAM03,101EK113,01070442
CAM03,101EK113,01070443
CAM03,101EK113,01070444
CAM03,101EK113,01070445
CAM03,101EK113,01070446
CAM03,101EK113,01070447
CAM03,101EK113,01070448
CAM03,101EK113,01070449
CAM03,101EK113,01070450
CAM03,101EK113,01070451
CAM03,101EK113,01070452
CAM03,101EK113,01070453
CAM03,101EK113,01070454
CAM03,101EK113,01070455
CAM03,101EK113,01070456
CAM03,101EK113,01070457
CAM03,101EK113,01070458
CAM03,101EK113,01070459
CAM03,101EK113,01070460
CAM03,101EK113,01070461
CAM03,101EK113,01070462
CAM03,101EK113,01070463
CAM03,101EK113,01070464
CAM03,101EK113,01070465
CAM03,101EK113,01070466
CAM03,101EK113,01070467
CAM03,101EK113,01070468
CAM03,101EK113,01070469
CAM03,101EK113,01070470
CAM03,101EK113,01070471
CAM03,101EK113,01070472
CAM03,101EK113,01070473
CAM03,101EK113,01070474
CAM03,101EK113,01070475
CAM03,101EK113,01070476
CAM03,101EK113,01070477
CAM03,101EK113,01070478
CAM03,101EK113,01070479
CAM03,101EK113,01070480
CAM03,101EK113,01070481
CAM03,101EK113,01070482
CAM03,101EK113,01070483
CAM03,101EK113,01070484
CAM03,101EK113,01070485
CAM03,101EK113,01070486
CAM03,101EK113,01070487
CAM03,101EK113,01070488
CAM03,101EK113,01070489
CAM03,101EK113,01070490
CAM03,101EK113,01070491
CAM03,101EK113,01070492
CAM03,101EK113,01070493
CAM03,101EK113,01070494
CAM03,101EK113,01070495
CAM03,101EK113,01070496
CAM03,101EK113,01070497
CAM03,101EK113,01070498
CAM03,101EK113,01070499
CAM03,101EK113,01070500
CAM03,101EK113,01070501
CAM03,101EK113,01070502
CAM03,101EK113,01070503
CAM03,101EK113,01070504
CAM03,101EK113,01070505
CAM03,101EK113,01070506
CAM03,101EK113,01070507
CAM03,101EK113,01070508
CAM03,101EK113,01070509
CAM03,101EK113,01070510
CAM03,101EK113,01070511
CAM03,101EK113,01070512
CAM03,101EK113,01070513
CAM03,101EK113,01070514
CAM03,101EK113,01070515
CAM03,101EK113,01070516
CAM03,101EK113,01070517
CAM03,101EK113,01070518
CAM03,101EK113,01070519
CAM03,101EK113,01070520
CAM03,101EK113,01070521
CAM03,101EK113,01070522
CAM03,101EK113,01070523
CAM03,101EK113,01070524
CAM03,101EK113,01070525
CAM03,101EK113,01070526
CAM03,101EK113,01070527
CAM03,101EK113,01070528
CAM03,101EK113,03030529
CAM03,101EK113,03030530
CAM03,101EK113,03030531
CAM03,101EK113,03030532
CAM03,101EK113,03030533
CAM03,101EK113,03030534
CAM03,101EK113,03030535
CAM03,101EK113,03030536
CAM03,101EK113,03030537
CAM03,101EK113,03030538
CAM03,101EK113,03030539
CAM03,101EK113,03030540
CAM03,101EK113,03030541
CAM03,101EK113,03030542
CAM03,101EK113,03030543
CAM03,101EK113,03030544
CAM03,101EK113,03030545
CAM03,101EK113,03030546
CAM03,101EK113,03030547
CAM03,101EK113,03030548
CAM03,101EK113,03030549
CAM03,101EK113,03030550
CAM03,101EK113,03030551
CAM03,101EK113,03030552
CAM03,101EK113,03030553
CAM03,101EK113,03030554
CAM03,101EK113,03030555
CAM03,101EK113,03030556
CAM03,101EK113,03030557
CAM03,101EK113,03030558
CAM03,101EK113,03030559
CAM03,101EK113,03030560
CAM03,101EK113,03030561
CAM03,101EK113,03030562
CAM03,101EK113,03030563
CAM03,101EK113,03030564
CAM03,101EK113,03030565
CAM03,101EK113,03030566
CAM03,101EK113,03030567
CAM03,101EK113,03030568
CAM03,101EK113,03030569
CAM03,101EK113,03030570
CAM03,101EK113,03030571
CAM03,101EK113,03030572
CAM03,101EK113,03030573
CAM03,101EK113,03030574
CAM03,101EK113,03030575
CAM03,101EK113,03030576
CAM03,101EK113,03030577
CAM03,101EK113,03030578
CAM03,101EK113,03030579
CAM03,101EK113,03030580
CAM03,101EK113,03030581
CAM03,101EK113,03030582
CAM03,101EK113,03030583
CAM04,101EK113,01050001
CAM04,101EK113,01050002
CAM04,101EK113,01050003
CAM04,101EK113,01050004
CAM04,101EK113,01050005
CAM04,101EK113,01050006
CAM04,101EK113,01050007
CAM04,101EK113,01050008
CAM04,101EK113,01050009
CAM04,101EK113,01050010
CAM04,101EK113,01050011
CAM04,101EK113,01050012
CAM04,101EK113,01050013
CAM04,101EK113,01050014
CAM04,101EK113,01050015
CAM04,101EK113,01050016
CAM04,101EK113,01050017
CAM04,101EK113,01050018
CAM04,101EK113,01050019
CAM04,101EK113,01050020
CAM04,101EK113,01050021
CAM04,101EK113,01050022
CAM04,101EK113,01050023
CAM04,101EK113,01050024
CAM04,101EK113,01050025
CAM04,101EK113,01050026
CAM04,101EK113,01060027
CAM04,101EK113,01060028
CAM04,101EK113,01060029
CAM04,101EK113,01060030
CAM04,101EK113,01060031
CAM04,101EK113,01060032
CAM04,101EK113,01060033
CAM04,101EK113,01060034
CAM04,101EK113,01060035
CAM04,101EK113,01060036
CAM04,101EK113,01060037
CAM04,101EK113,01060038
CAM04,101EK113,01060039
CAM04,101EK113,01060040
CAM04,101EK113,01060041
CAM04,101EK113,01060042
CAM04,101EK113,01060043
CAM04,101EK113,01060044
CAM04,101EK113,01060045
CAM04,101EK113,01060046
CAM04,101EK113,01060047
CAM04,101EK113,01060048
CAM04,101EK113,01060049
CAM04,101EK113,01060050
CAM04,101EK113,01060051
CAM04,101EK113,01060052
CAM04,101EK113,01060053
CAM04,101EK113,01060054
CAM04,101EK113,01060055
CAM04,101EK113,01060056
CAM04,101EK113,01060057
CAM04,101EK113,01060058
CAM04,101EK113,01060059
CAM04,101EK113,01060060
CAM04,101EK113,01060061
CAM04,101EK113,01060062
CAM04,101EK113,01060063
CAM04,101EK113,01060064
CAM04,101EK113,01060065
CAM04,101EK113,01060066
CAM04,101EK113,01060067
CAM04,101EK113,01060068
CAM04,101EK113,01060069
CAM04,101EK113,01060070
CAM04,101EK113,01060071
CAM04,101EK113,01060072
CAM04,101EK113,01060073
CAM04,101EK113,01060074
CAM04,101EK113,01060075
CAM04,101EK113,01060076
CAM04,101EK113,01060077
CAM04,101EK113,01060078
CAM04,101EK113,01060079
CAM04,101EK113,01060080
CAM04,101EK113,01060081
CAM04,101EK113,01070082
CAM04,101EK113,01070083
CAM04,101EK113,01070084
CAM04,101EK113,01070085
CAM04,101EK113,01070086
CAM04,101EK113,01070087
CAM04,101EK113,01070088
CAM04,101EK113,01070089
CAM04,101EK113,01070090
CAM04,101EK113,01070091
CAM04,101EK113,01070092
CAM04,101EK113,01070093
CAM04,101EK113,01070094
CAM04,101EK113,01070095
CAM04,101EK113,01070096
CAM04,101EK113,01070097
CAM04,101EK113,01070098
CAM04,101EK113,01070099
CAM04,101EK113,01070100
CAM04,101EK113,01070101
CAM04,101EK113,01070102
CAM04,101EK113,01070103
CAM04,101EK113,01070104
CAM04,101EK113,01070105
CAM04,101EK113,01070106
CAM04,101EK113,01070107
CAM04,101EK113,01070108
CAM04,101EK113,01070109
CAM04,101EK113,01070110
CAM04,101EK113,01070111
CAM04,101EK113,01070112
CAM04,101EK113,01070113
CAM04,101EK113,01070114
CAM04,101EK113,01070115
CAM04,101EK113,01070116
CAM04,101EK113,01070117
CAM04,101EK113,01070118
CAM04,101EK113,01070119
CAM04,101EK113,01070120
CAM04,101EK113,01070121
CAM04,101EK113,01070122
CAM04,101EK113,01070123
CAM04,101EK113,01070124
CAM04,101EK113,01070125
CAM04,101EK113,01070126
CAM04,101EK113,01070127
CAM04,101EK113,01070128
CAM04,101EK113,01070129
CAM04,101EK113,01070130
CAM04,101EK113,01070131
CAM04,101EK113,01070132
CAM04,101EK113,01070133
CAM04,101EK113,01070134
CAM04,101EK113,01070135
CAM04,101EK113,01070136
CAM04,101EK113,01070137
CAM04,101EK113,01070138
CAM04,101EK113,01070139
CAM04,101EK113,01070140
CAM04,101EK113,01070141
CAM04,101EK113,01070142
CAM04,101EK113,01070143
CAM04,101EK113,01070144
CAM04,101EK113,01070145
CAM04,101EK113,01070146
CAM04,101EK113,01070147
CAM04,101EK113,01070148
CAM04,101EK113,01070149
CAM04,101EK113,01070150
CAM04,101EK113,01070151
CAM04,101EK113,01070152
CAM04,101EK113,01070153
CAM04,101EK113,01070154
CAM04,101EK113,01070155
CAM04,101EK113,01070156
CAM04,101EK113,01070157
CAM04,101EK113,01070158
CAM04,101EK113,01070159
CAM04,101EK113,01070160
CAM04,101EK113,01070161
CAM04,101EK113,01070162
CAM04,101EK113,01070163
CAM04,101EK113,01070164
CAM04,101EK113,01070165
CAM04,101EK113,01070166
CAM04,101EK113,01070167
CAM04,101EK113,01070168
CAM04,101EK113,01070169
CAM04,101EK113,01070170
CAM04,101EK113,01070171
CAM04,101EK113,01070172
CAM04,101EK113,01070173
CAM04,101EK113,01070174
CAM04,101EK113,01070175
CAM04,101EK113,01070176
CAM04,101EK113,01070177
CAM04,101EK113,01070178
CAM04,101EK113,01070179
CAM04,101EK113,01070180
CAM04,101EK113,01070181
CAM04,101EK113,01070182
CAM04,101EK113,01070183
CAM04,101EK113,01070184
CAM04,101EK113,01070185
CAM04,101EK113,01070186
CAM04,101EK113,01070187
CAM04,101EK113,01070188
CAM04,101EK113,01070189
CAM04,101EK113,01070190
CAM04,101EK113,01070191
CAM04,101EK113,01070192
CAM04,101EK113,01070193
CAM04,101EK113,01070194
CAM04,101EK113,01070195
CAM04,101EK113,01070196
CAM04,101EK113,01070197
CAM04,101EK113,01070198
CAM04,101EK113,01070199
CAM04,101EK113,01070200
CAM04,101EK113,01070201
CAM04,101EK113,01070202
CAM04,101EK113,01070203
CAM04,101EK113,01070204
CAM04,101EK113,01070205
CAM04,101EK113,01070206
CAM04,101EK113,01070207
CAM04,101EK113,01070208
CAM04,101EK113,01070209
CAM04,101EK113,01070210
CAM04,101EK113,01070211
CAM04,101EK113,01070212
CAM04,101EK113,01070213
CAM04,101EK113,01070214
CAM04,101EK113,01070215
CAM04,101EK113,01070216
CAM04,101EK113,01070217
CAM04,101EK113,01070218
CAM04,101EK113,01070219
CAM04,101EK113,01070220
CAM04,101EK113,01070221
CAM04,101EK113,01070222
CAM04,101EK113,01070223
CAM04,101EK113,01070224
CAM04,101EK113,01070225
CAM04,101EK113,01070226
CAM04,101EK113,01070227
CAM04,101EK113,01070228
CAM04,101EK113,01070229
CAM04,101EK113,01070230
CAM04,101EK113,01070231
CAM04,101EK113,01070232
CAM04,101EK113,01070233
CAM04,101EK113,01070234
CAM04,101EK113,01070235
CAM04,101EK113,01070236
CAM04,101EK113,01090237
CAM04,101EK113,01090238
CAM04,101EK113,01090239
CAM04,101EK113,01090240
CAM04,101EK113,01090241
CAM04,101EK113,01090242
CAM04,101EK113,01090243
CAM04,101EK113,01090244
CAM04,101EK113,01090245
CAM04,101EK113,01090246
CAM04,101EK113,01090247
CAM04,101EK113,01090248
CAM04,101EK113,01090249
CAM04,101EK113,01090250
CAM04,101EK113,01090251
CAM04,101EK113,01090252
CAM04,101EK113,01090253
CAM04,101EK113,01090254
CAM04,101EK113,01090255
CAM04,101EK113,01090256
CAM04,101EK113,01090257
CAM04,101EK113,01090258
CAM04,101EK113,01090259
CAM04,101EK113,01090260
CAM04,101EK113,01090261
CAM04,101EK113,01090262
CAM04,101EK113,01090263
CAM04,101EK113,01090264
CAM04,101EK113,01090265
CAM04,101EK113,01090266
CAM04,101EK113,01090267
CAM04,101EK113,01090268
CAM04,101EK113,01090269
CAM04,101EK113,01090270
CAM04,101EK113,01090271
CAM04,101EK113,01090272
CAM04,101EK113,01090273
CAM04,101EK113,01090274
CAM04,101EK113,01090275
CAM04,101EK113,01090276
CAM04,101EK113,01090277
CAM04,101EK113,01090278
CAM04,101EK113,01090279
CAM04,101EK113,01090280
CAM04,101EK113,01090281
CAM04,101EK113,01090282
CAM04,101EK113,01090283
CAM04,101EK113,01090284
CAM04,101EK113,01090285
CAM04,101EK113,01090286
CAM04,101EK113,01090287
CAM04,101EK113,01090288
CAM04,101EK113,01090289
CAM04,101EK113,01090290
CAM04,101EK113,01090291
CAM04,101EK113,01090292
CAM04,101EK113,01090293
CAM04,101EK113,01090294
CAM04,101EK113,01090295
CAM04,101EK113,01090296
CAM04,101EK113,01090297
CAM04,101EK113,01090298
CAM04,101EK113,01090299
CAM04,101EK113,01090300
CAM04,101EK113,01090301
CAM04,101EK113,01090302
CAM04,101EK113,01090303
CAM04,101EK113,01090304
CAM04,101EK113,01090305
CAM04,101EK113,01090306
CAM04,101EK113,01090307
CAM04,101EK113,01090308
CAM04,101EK113,01090309
CAM04,101EK113,01090310
CAM04,101EK113,01090311
CAM04,101EK113,01090312
CAM04,101EK113,01090313
CAM04,101EK113,01090314
CAM04,101EK113,01090315
CAM04,101EK113,01090316
CAM04,101EK113,01090317
CAM04,101EK113,01090318
CAM04,101EK113,01090319
CAM04,101EK113,01090320
CAM04,101EK113,01090321
CAM04,101EK113,01090322
CAM04,101EK113,01090323
CAM04,101EK113,01090324
CAM04,101EK113,01090325
CAM04,101EK113,01090326
CAM04,101EK113,01090327
CAM04,101EK113,01090328
CAM04,101EK113,01090329
CAM04,101EK113,01090330
CAM04,101EK113,01090331
CAM04,101EK113,01090332
CAM04,101EK113,01090333
CAM04,101EK113,01090334
CAM04,101EK113,01090335
CAM04,101EK113,01090336
CAM04,101EK113,01090337
CAM04,101EK113,01090338
CAM04,101EK113,01090339
CAM04,101EK113,01090340
CAM04,101EK113,01090341
CAM04,101EK113,01100342
CAM04,101EK113,01100343
CAM04,101EK113,01100344
CAM04,101EK113,01100345
CAM04,101EK113,01100346
CAM04,101EK113,01100347
CAM04,101EK113,01100348
CAM04,101EK113,01100349
CAM04,101EK113,01100350
CAM04,101EK113,01100351
CAM04,101EK113,01100352
CAM04,101EK113,01100353
CAM04,101EK113,01100354
CAM04,101EK113,01100355
CAM04,101EK113,01100356
CAM04,101EK113,01120357
CAM04,101EK113,01120358
CAM04,101EK113,01120359
CAM04,101EK113,01120360
CAM04,101EK113,01120361
CAM04,101EK113,01120362
CAM04,101EK113,01120363
CAM04,101EK113,01120364
CAM04,101EK113,01120365
CAM04,101EK113,01120366
CAM04,101EK113,01160367
CAM04,101EK113,01160368
CAM04,101EK113,01160369
CAM04,101EK113,01160370
CAM04,101EK113,01160371
CAM04,101EK113,01180372
CAM04,101EK113,01180373
CAM04,101EK113,01180374
CAM04,101EK113,01180375
CAM04,101EK113,01180376
CAM04,101EK113,01180377
CAM04,101EK113,01180378
CAM04,101EK113,01180379
CAM04,101EK113,01180380
CAM04,101EK113,01180381
CAM04,101EK113,01180382
CAM04,101EK113,01180383
CAM04,101EK113,01180384
CAM04,101EK113,01180385
CAM04,101EK113,01180386
CAM04,101EK113,01180387
CAM04,101EK113,01180388
CAM04,101EK113,01180389
CAM04,101EK113,01180390
CAM04,101EK113,01180391
CAM04,101EK113,01180392
CAM04,101EK113,01180393
CAM04,101EK113,01180394
CAM04,101EK113,01180395
CAM04,101EK113,01180396
CAM04,101EK113,01180397
CAM04,101EK113,01180398
CAM04,101EK113,01180399
CAM04,101EK113,01180400
CAM04,101EK113,01180401
CAM04,101EK113,01180402
CAM04,101EK113,01180403
CAM04,101EK113,01180404
CAM04,101EK113,01180405
CAM04,101EK113,01180406
CAM04,101EK113,01180407
CAM04,101EK113,01180408
CAM04,101EK113,01180409
CAM04,101EK113,01180410
CAM04,101EK113,01180411
CAM04,101EK113,01180412
CAM04,101EK113,01180413
CAM04,101EK113,01180414
CAM04,101EK113,01180415
CAM04,101EK113,01180416
CAM04,101EK113,01180417
CAM04,101EK113,01180418
CAM04,101EK113,01180419
CAM04,101EK113,01180420
CAM04,101EK113,01180421
CAM04,101EK113,01180422
CAM04,101EK113,01180423
CAM04,101EK113,01180424
CAM04,101EK113,01180425
CAM04,101EK113,01180426
CAM04,101EK113,01180427
CAM04,101EK113,01180428
CAM04,101EK113,01180429
CAM04,101EK113,01180430
CAM04,101EK113,01180431
CAM04,101EK113,01180432
CAM04,101EK113,01180433
CAM04,101EK113,01180434
CAM04,101EK113,01180435
CAM04,101EK113,01180436
CAM04,101EK113,01180437
CAM04,101EK113,01180438
CAM04,101EK113,01180439
CAM04,101EK113,01180440
CAM04,101EK113,01180441
CAM04,101EK113,01180442
CAM04,101EK113,01180443
CAM04,101EK113,01180444
CAM04,101EK113,01180445
CAM04,101EK113,01180446
CAM04,101EK113,01180447
CAM04,101EK113,01180448
CAM04,101EK113,01180449
CAM04,101EK113,01180450
CAM04,101EK113,01180451
CAM04,101EK113,01180452
CAM04,101EK113,01180453
CAM04,101EK113,01180454
CAM04,101EK113,01180455
CAM04,101EK113,01180456
CAM04,101EK113,01180457
CAM04,101EK113,01180458
CAM04,101EK113,01180459
CAM04,101EK113,01180460
CAM04,101EK113,01180461
CAM04,101EK113,01180462
CAM04,101EK113,01180463
CAM04,101EK113,01180464
CAM04,101EK113,01180465
CAM04,101EK113,01180466
CAM04,101EK113,01180467
CAM04,101EK113,01180468
CAM04,101EK113,01180469
CAM04,101EK113,01180470
CAM04,101EK113,01180471
CAM04,101EK113,01180472
CAM04,101EK113,01180473
CAM04,101EK113,01180474
CAM04,101EK113,01180475
CAM04,101EK113,01180476
CAM04,101EK113,01210477
CAM04,101EK113,01210478
CAM04,101EK113,01210479
CAM04,101EK113,01210480
CAM04,101EK113,01210481
CAM04,101EK113,01210482
CAM04,101EK113,01210483
CAM04,101EK113,01210484
CAM04,101EK113,01210485
CAM04,101EK113,01210486
CAM04,101EK113,01210487
CAM04,101EK113,01210488
CAM04,101EK113,01210489
CAM04,101EK113,01210490
CAM04,101EK113,01210491
CAM04,101EK113,01210492
CAM04,101EK113,01210493
CAM04,101EK113,01210494
CAM04,101EK113,01210495
CAM04,101EK113,01210496
CAM04,101EK113,01210497
CAM04,101EK113,01210498
CAM04,101EK113,01210499
CAM04,101EK113,01210500
CAM04,101EK113,01210501
CAM04,101EK113,01210502
CAM04,101EK113,01210503
CAM04,101EK113,01210504
CAM04,101EK113,01210505
CAM04,101EK113,01210506
CAM04,101EK113,01210507
CAM04,101EK113,01210508
CAM04,101EK113,01210509
CAM04,101EK113,01210510
CAM04,101EK113,01210511
CAM04,101EK113,01210512
CAM04,101EK113,01210513
CAM04,101EK113,01210514
CAM04,101EK113,01210515
CAM04,101EK113,01210516
CAM04,101EK113,01210517
CAM04,101EK113,01210518
CAM04,101EK113,01210519
CAM04,101EK113,01210520
CAM04,101EK113,01210521
CAM04,101EK113,01210522
CAM04,101EK113,01210523
CAM04,101EK113,01210524
CAM04,101EK113,01210525
CAM04,101EK113,01210526
CAM04,101EK113,01210527
CAM04,101EK113,01210528
CAM04,101EK113,01210529
CAM04,101EK113,01210530
CAM04,101EK113,01210531
CAM04,101EK113,01210532
CAM04,101EK113,01210533
CAM04,101EK113,01210534
CAM04,101EK113,01210535
CAM04,101EK113,01210536
CAM04,101EK113,01210537
CAM04,101EK113,01210538
CAM04,101EK113,01210539
CAM04,101EK113,01210540
CAM04,101EK113,01210541
CAM04,101EK113,01220542
CAM04,101EK113,01220543
CAM04,101EK113,01220544
CAM04,101EK113,01220545
CAM04,101EK113,01220546
CAM04,101EK113,01220547
CAM04,101EK113,01220548
CAM04,101EK113,01220549
CAM04,101EK113,01220550
CAM04,101EK113,01220551
CAM04,101EK113,01220552
CAM04,101EK113,01220553
CAM04,101EK113,01220554
CAM04,101EK113,01220555
CAM04,101EK113,01220556
CAM04,101EK113,01220557
CAM04,101EK113,01220558
CAM04,101EK113,01220559
CAM04,101EK113,01220560
CAM04,101EK113,01220561
CAM04,101EK113,01220562
CAM04,101EK113,01220563
CAM04,101EK113,01220564
CAM04,101EK113,01220565
CAM04,101EK113,01220566
CAM04,101EK113,01220567
CAM04,101EK113,01220568
CAM04,101EK113,01220569
CAM04,101EK113,01220570
CAM04,101EK113,01220571
CAM04,101EK113,01220572
CAM04,101EK113,01220573
CAM04,101EK113,01220574
CAM04,101EK113,01220575
CAM04,101EK113,01220576
CAM04,101EK113,01220577
CAM04,101EK113,01220578
CAM04,101EK113,01220579
CAM04,101EK113,01220580
CAM04,101EK113,01220581
CAM04,101EK113,01220582
CAM04,101EK113,01220583
CAM04,101EK113,01220584
CAM04,101EK113,01220585
CAM04,101EK113,01220586
CAM04,101EK113,01230587
CAM04,101EK113,01230588
CAM04,101EK113,01230589
CAM04,101EK113,01230590
CAM04,101EK113,01230591
CAM04,101EK113,01230592
CAM04,101EK113,01230593
CAM04,101EK113,01230594
CAM04,101EK113,01230595
CAM04,101EK113,01230596
CAM04,101EK113,01230597
CAM04,101EK113,01230598
CAM04,101EK113,01230599
CAM04,101EK113,01230600
CAM04,101EK113,01230601
CAM04,101EK113,01230602
CAM04,101EK113,01230603
CAM04,101EK113,01230604
CAM04,101EK113,01230605
CAM04,101EK113,01230606
CAM04,101EK113,01230607
CAM04,101EK113,01230608
CAM04,101EK113,01230609
CAM04,101EK113,01230610
CAM04,101EK113,01230611
CAM04,101EK113,01230612
CAM04,101EK113,01230613
CAM04,101EK113,01230614
CAM04,101EK113,01230615
CAM04,101EK113,01230616
CAM04,101EK113,01230617
CAM04,101EK113,01230618
CAM04,101EK113,01230619
CAM04,101EK113,01230620
CAM04,101EK113,01230621
CAM04,101EK113,01230622
CAM04,101EK113,01230623
CAM04,101EK113,01230624
CAM04,101EK113,01230625
CAM04,101EK113,01230626
CAM04,101EK113,01260627
CAM04,101EK113,01260628
CAM04,101EK113,01260629
CAM04,101EK113,01260630
CAM04,101EK113,01260631
CAM04,101EK113,01260632
CAM04,101EK113,01260633
CAM04,101EK113,01260634
CAM04,101EK113,01260635
CAM04,101EK113,01260636
CAM04,101EK113,01260637
CAM04,101EK113,01260638
CAM04,101EK113,01260639
CAM04,101EK113,01260640
CAM04,101EK113,01260641
CAM04,101EK113,01310642
CAM04,101EK113,01310643
CAM04,101EK113,01310644
CAM04,101EK113,01310645
CAM04,101EK113,01310646
CAM04,101EK113,01310647
CAM04,101EK113,01310648
CAM04,101EK113,01310649
CAM04,101EK113,01310650
CAM04,101EK113,01310651
CAM04,101EK113,01310652
CAM04,101EK113,01310653
CAM04,101EK113,01310654
CAM04,101EK113,01310655
CAM04,101EK113,01310656
CAM04,101EK113,01310657
CAM04,101EK113,01310658
CAM04,101EK113,01310659
CAM04,101EK113,01310660
CAM04,101EK113,01310661
CAM04,101EK113,01310662
CAM04,101EK113,01310663
CAM04,101EK113,01310664
CAM04,101EK113,01310665
CAM04,101EK113,01310666
CAM04,101EK113,02030667
CAM04,101EK113,02030668
CAM04,101EK113,02030669
CAM04,101EK113,02030670
CAM04,101EK113,02030671
CAM04,101EK113,02030672
CAM04,101EK113,02030673
CAM04,101EK113,02030674
CAM04,101EK113,02030675
CAM04,101EK113,02030676
CAM04,101EK113,02030677
CAM04,101EK113,02030678
CAM04,101EK113,02030679
CAM04,101EK113,02030680
CAM04,101EK113,02030681
CAM04,101EK113,02040682
CAM04,101EK113,02040683
CAM04,101EK113,02040684
CAM04,101EK113,02040685
CAM04,101EK113,02040686
CAM04,101EK113,02070687
CAM04,101EK113,02070688
CAM04,101EK113,02070689
CAM04,101EK113,02070690
CAM04,101EK113,02070691
CAM04,101EK113,02100692
CAM04,101EK113,02100693
CAM04,101EK113,02100694
CAM04,101EK113,02100695
CAM04,101EK113,02100696
CAM04,101EK113,02120697
CAM04,101EK113,02120698
CAM04,101EK113,02120699
CAM04,101EK113,02120700
CAM04,101EK113,02120701
CAM04,101EK113,02140702
CAM04,101EK113,02140703
CAM04,101EK113,02140704
CAM04,101EK113,02140705
CAM04,101EK113,02140706
CAM04,101EK113,02170707
CAM04,101EK113,02170708
CAM04,101EK113,02170709
CAM04,101EK113,02170710
CAM04,101EK113,02170711
CAM04,101EK113,02170712
CAM04,101EK113,02170713
CAM04,101EK113,02170714
CAM04,101EK113,02170715
CAM04,101EK113,02170716
CAM04,101EK113,02170717
CAM04,101EK113,02170718
CAM04,101EK113,02170719
CAM04,101EK113,02170720
CAM04,101EK113,02170721
CAM04,101EK113,02170722
CAM04,101EK113,02170723
CAM04,101EK113,02170724
CAM04,101EK113,02170725
CAM04,101EK113,02170726
CAM04,101EK113,02170727
CAM04,101EK113,02170728
CAM04,101EK113,02170729
CAM04,101EK113,02170730
CAM04,101EK113,02170731
CAM04,101EK113,02170732
CAM04,101EK113,02170733
CAM04,101EK113,02170734
CAM04,101EK113,02170735
CAM04,101EK113,02170736
CAM04,101EK113,02170737
CAM04,101EK113,02170738
CAM04,101EK113,02170739
CAM04,101EK113,02170740
CAM04,101EK113,02170741
CAM04,101EK113,02170742
CAM04,101EK113,02170743
CAM04,101EK113,02170744
CAM04,101EK113,02170745
CAM04,101EK113,02170746
CAM04,101EK113,02170747
CAM04,101EK113,02170748
CAM04,101EK113,02170749
CAM04,101EK113,02170750
CAM04,101EK113,02170751
CAM04,101EK113,02170752
CAM04,101EK113,02170753
CAM04,101EK113,02170754
CAM04,101EK113,02170755
CAM04,101EK113,02170756
CAM04,101EK113,02170757
CAM04,101EK113,02170758
CAM04,101EK113,02170759
CAM04,101EK113,02170760
CAM04,101EK113,02170761
CAM04,101EK113,02170762
CAM04,101EK113,02170763
CAM04,101EK113,02170764
CAM04,101EK113,02170765
CAM04,101EK113,02170766
CAM04,101EK113,02170767
CAM04,101EK113,02170768
CAM04,101EK113,02170769
CAM04,101EK113,02170770
CAM04,101EK113,02170771
CAM04,101EK113,02170772
CAM04,101EK113,02170773
CAM04,101EK113,02170774
CAM04,101EK113,02170775
CAM04,101EK113,02170776
CAM04,101EK113,02170777
CAM04,101EK113,02170778
CAM04,101EK113,02170779
CAM04,101EK113,02170780
CAM04,101EK113,02170781
CAM04,101EK113,02180782
CAM04,101EK113,02180783
CAM04,101EK113,02180784
CAM04,101EK113,02180785
CAM04,101EK113,02180786
CAM04,101EK113,02200787
CAM04,101EK113,02200788
CAM04,101EK113,02200789
CAM04,101EK113,02200790
CAM04,101EK113,02200791
CAM04,101EK113,02200792
CAM04,101EK113,02200793
CAM04,101EK113,02200794
CAM04,101EK113,02200795
CAM04,101EK113,02200796
CAM04,101EK113,02200797
CAM04,101EK113,02200798
CAM04,101EK113,02200799
CAM04,101EK113,02200800
CAM04,101EK113,02200801
CAM04,101EK113,02200802
CAM04,101EK113,02200803
CAM04,101EK113,02200804
CAM04,101EK113,02200805
CAM04,101EK113,02200806
CAM04,101EK113,02200807
CAM04,101EK113,02200808
CAM04,101EK113,02200809
CAM04,101EK113,02200810
CAM04,101EK113,02200811
CAM04,101EK113,02200812
CAM04,101EK113,02200813
CAM04,101EK113,02200814
CAM04,101EK113,02200815
CAM04,101EK113,02200816
CAM04,101EK113,02200817
CAM04,101EK113,02200818
CAM04,101EK113,02200819
CAM04,101EK113,02200820
CAM04,101EK113,02200821
CAM04,101EK113,02200822
CAM04,101EK113,02200823
CAM04,101EK113,02200824
CAM04,101EK113,02200825
CAM04,101EK113,02200826
CAM04,101EK113,02200827
CAM04,101EK113,02200828
CAM04,101EK113,02200829
CAM04,101EK113,02200830
CAM04,101EK113,02200831
CAM04,101EK113,02200832
CAM04,101EK113,02200833
CAM04,101EK113,02200834
CAM04,101EK113,02200835
CAM04,101EK113,02200836
CAM04,101EK113,02200837
CAM04,101EK113,02200838
CAM04,101EK113,02200839
CAM04,101EK113,02200840
CAM04,101EK113,02200841
CAM04,101EK113,02200842
CAM04,101EK113,02200843
CAM04,101EK113,02200844
CAM04,101EK113,02200845
CAM04,101EK113,02200846
CAM04,101EK113,02200847
CAM04,101EK113,02200848
CAM04,101EK113,02200849
CAM04,101EK113,02200850
CAM04,101EK113,02200851
CAM04,101EK113,02210852
CAM04,101EK113,02210853
CAM04,101EK113,02210854
CAM04,101EK113,02210855
CAM04,101EK113,02210856
CAM04,101EK113,02210857
CAM04,101EK113,02210858
CAM04,101EK113,02210859
CAM04,101EK113,02210860
CAM04,101EK113,02210861
CAM04,101EK113,02210862
CAM04,101EK113,02210863
CAM04,101EK113,02210864
CAM04,101EK113,02210865
CAM04,101EK113,02210866
CAM04,101EK113,02210867
CAM04,101EK113,02210868
CAM04,101EK113,02210869
CAM04,101EK113,02210870
CAM04,101EK113,02210871
CAM04,101EK113,02210872
CAM04,101EK113,02210873
CAM04,101EK113,02210874
CAM04,101EK113,02210875
CAM04,101EK113,02210876
CAM04,101EK113,02210877
CAM04,101EK113,02210878
CAM04,101EK113,02210879
CAM04,101EK113,02210880
CAM04,101EK113,02210881
CAM04,101EK113,02210882
CAM04,101EK113,02210883
CAM04,101EK113,02210884
CAM04,101EK113,02210885
CAM04,101EK113,02210886
CAM04,101EK113,02210887
CAM04,101EK113,02210888
CAM04,101EK113,02210889
CAM04,101EK113,02210890
CAM04,101EK113,02210891
CAM04,101EK113,02210892
CAM04,101EK113,02210893
CAM04,101EK113,02210894
CAM04,101EK113,02210895
CAM04,101EK113,02210896
CAM04,101EK113,02210897
CAM04,101EK113,02210898
CAM04,101EK113,02210899
CAM04,101EK113,02210900
CAM04,101EK113,02210901
CAM04,101EK113,02210902
CAM04,101EK113,02210903
CAM04,101EK113,02210904
CAM04,101EK113,02210905
CAM04,101EK113,02210906
CAM04,101EK113,02210907
CAM04,101EK113,02210908
CAM04,101EK113,02210909
CAM04,101EK113,02210910
CAM04,101EK113,02210911
CAM04,101EK113,02210912
CAM04,101EK113,02210913
CAM04,101EK113,02210914
CAM04,101EK113,02210915
CAM04,101EK113,02210916
CAM04,101EK113,02210917
CAM04,101EK113,02210918
CAM04,101EK113,02210919
CAM04,101EK113,02210920
CAM04,101EK113,02210921
CAM04,101EK113,02210922
CAM04,101EK113,02210923
CAM04,101EK113,02210924
CAM04,101EK113,02210925
CAM04,101EK113,02210926
CAM04,101EK113,02210927
CAM04,101EK113,02210928
CAM04,101EK113,02210929
CAM04,101EK113,02210930
CAM04,101EK113,02210931
CAM04,101EK113,02210932
CAM04,101EK113,02210933
CAM04,101EK113,02210934
CAM04,101EK113,02210935
CAM04,101EK113,02210936
CAM04,101EK113,02210937
CAM04,101EK113,02210938
CAM04,101EK113,02210939
CAM04,101EK113,02210940
CAM04,101EK113,02210941
CAM04,101EK113,02210942
CAM04,101EK113,02210943
CAM04,101EK113,02210944
CAM04,101EK113,02210945
CAM04,101EK113,02210946
CAM04,101EK113,02210947
CAM04,101EK113,02210948
CAM04,101EK113,02210949
CAM04,101EK113,02210950
CAM04,101EK113,02210951
CAM04,101EK113,02210952
CAM04,101EK113,02210953
CAM04,101EK113,02210954
CAM04,101EK113,02210955
CAM04,101EK113,02210956
CAM04,101EK113,02210957
CAM04,101EK113,02210958
CAM04,101EK113,02210959
CAM04,101EK113,02210960
CAM04,101EK113,02210961
CAM04,101EK113,02210962
CAM04,101EK113,02210963
CAM04,101EK113,02210964
CAM04,101EK113,02210965
CAM04,101EK113,02210966
CAM04,101EK113,02210967
CAM04,101EK113,02210968
CAM04,101EK113,02210969
CAM04,101EK113,02210970
CAM04,101EK113,02210971
CAM04,101EK113,02210972
CAM04,101EK113,02210973
CAM04,101EK113,02210974
CAM04,101EK113,02210975
CAM04,101EK113,02210976
CAM04,101EK113,02210977
CAM04,101EK113,02210978
CAM04,101EK113,02210979
CAM04,101EK113,02210980
CAM04,101EK113,02210981
CAM04,101EK113,02210982
CAM04,101EK113,02210983
CAM04,101EK113,02210984
CAM04,101EK113,02210985
CAM04,101EK113,02210986
CAM04,101EK113,02210987
CAM04,101EK113,02210988
CAM04,101EK113,02210989
CAM04,101EK113,02210990
CAM04,101EK113,02210991
CAM04,101EK113,02210992
CAM04,101EK113,02210993
CAM04,101EK113,02210994
CAM04,101EK113,02210995
CAM04,101EK113,02210996
CAM04,101EK113,02210997
CAM04,101EK113,02210998
CAM04,101EK113,02210999
CAM04,102EK113,02210001
CAM04,102EK113,02210002
CAM04,102EK113,02210003
CAM04,102EK113,02210004
CAM04,102EK113,02210005
CAM04,102EK113,02210006
CAM04,102EK113,02210007
CAM04,102EK113,02210008
CAM04,102EK113,02210009
CAM04,102EK113,02210010
CAM04,102EK113,02210011
CAM04,102EK113,02210012
CAM04,102EK113,02210013
CAM04,102EK113,02210014
CAM04,102EK113,02210015
CAM04,102EK113,02210016
CAM04,102EK113,02210017
CAM04,102EK113,02220018
CAM04,102EK113,02220019
CAM04,102EK113,02220020
CAM04,102EK113,02220021
CAM04,102EK113,02220022
CAM04,102EK113,02220023
CAM04,102EK113,02220024
CAM04,102EK113,02220025
CAM04,102EK113,02220026
CAM04,102EK113,02220027
CAM04,102EK113,02220028
CAM04,102EK113,02220029
CAM04,102EK113,02220030
CAM04,102EK113,02220031
CAM04,102EK113,02220032
CAM04,102EK113,02220033
CAM04,102EK113,02220034
CAM04,102EK113,02220035
CAM04,102EK113,02220036
CAM04,102EK113,02220037
CAM04,102EK113,02220038
CAM04,102EK113,02220039
CAM04,102EK113,02220040
CAM04,102EK113,02220041
CAM04,102EK113,02220042
CAM04,102EK113,02220043
CAM04,102EK113,02220044
CAM04,102EK113,02220045
CAM04,102EK113,02220046
CAM04,102EK113,02220047
CAM04,102EK113,02220048
CAM04,102EK113,02220049
CAM04,102EK113,02220050
CAM04,102EK113,02220051
CAM04,102EK113,02220052
CAM04,102EK113,02220053
CAM04,102EK113,02220054
CAM04,102EK113,02220055
CAM04,102EK113,02220056
CAM04,102EK113,02220057
CAM04,102EK113,02220058
CAM04,102EK113,02220059
CAM04,102EK113,02220060
CAM04,102EK113,02220061
CAM04,102EK113,02220062
CAM04,102EK113,02220063
CAM04,102EK113,02220064
CAM04,102EK113,02220065
CAM04,102EK113,02220066
CAM04,102EK113,02220067
CAM04,102EK113,02220068
CAM04,102EK113,02220069
CAM04,102EK113,02220070
CAM04,102EK113,02220071
CAM04,102EK113,02220072
CAM04,102EK113,02220073
CAM04,102EK113,02220074
CAM04,102EK113,02220075
CAM04,102EK113,02220076
CAM04,102EK113,02220077
CAM04,102EK113,02220078
CAM04,102EK113,02220079
CAM04,102EK113,02220080
CAM04,102EK113,02220081
CAM04,102EK113,02220082
CAM04,102EK113,02220083
CAM04,102EK113,02220084
CAM04,102EK113,02220085
CAM04,102EK113,02220086
CAM04,102EK113,02220087
CAM04,102EK113,02220088
CAM04,102EK113,02220089
CAM04,102EK113,02220090
CAM04,102EK113,02220091
CAM04,102EK113,02220092
CAM04,102EK113,02220093
CAM04,102EK113,02220094
CAM04,102EK113,02220095
CAM04,102EK113,02220096
CAM04,102EK113,02220097
CAM04,102EK113,02220098
CAM04,102EK113,02220099
CAM04,102EK113,02220100
CAM04,102EK113,02220101
CAM04,102EK113,02220102
CAM04,102EK113,02220103
CAM04,102EK113,02220104
CAM04,102EK113,02220105
CAM04,102EK113,02220106
CAM04,102EK113,02220107
CAM04,102EK113,02220108
CAM04,102EK113,02220109
CAM04,102EK113,02220110
CAM04,102EK113,02220111
CAM04,102EK113,02220112
CAM04,102EK113,02220113
CAM04,102EK113,02220114
CAM04,102EK113,02220115
CAM04,102EK113,02220116
CAM04,102EK113,02220117
CAM04,102EK113,02220118
CAM04,102EK113,02220119
CAM04,102EK113,02220120
CAM04,102EK113,02220121
CAM04,102EK113,02220122
CAM04,102EK113,02220123
CAM04,102EK113,02220124
CAM04,102EK113,02220125
CAM04,102EK113,02220126
CAM04,102EK113,02220127
CAM04,102EK113,02220128
CAM04,102EK113,02220129
CAM04,102EK113,02220130
CAM04,102EK113,02220131
CAM04,102EK113,02220132
CAM04,102EK113,02220133
CAM04,102EK113,02220134
CAM04,102EK113,02220135
CAM04,102EK113,02220136
CAM04,102EK113,02220137
CAM04,102EK113,02220138
CAM04,102EK113,02220139
CAM04,102EK113,02220140
CAM04,102EK113,02220141
CAM04,102EK113,02220142
CAM04,102EK113,02220143
CAM04,102EK113,02220144
CAM04,102EK113,02220145
CAM04,102EK113,02220146
CAM04,102EK113,02220147
CAM04,102EK113,02220148
CAM04,102EK113,02220149
CAM04,102EK113,02220150
CAM04,102EK113,02220151
CAM04,102EK113,02220152
CAM04,102EK113,02220153
CAM04,102EK113,02220154
CAM04,102EK113,02220155
CAM04,102EK113,02220156
CAM04,102EK113,02220157
CAM04,102EK113,02220158
CAM04,102EK113,02220159
CAM04,102EK113,02220160
CAM04,102EK113,02220161
CAM04,102EK113,02220162
CAM04,102EK113,02220163
CAM04,102EK113,02220164
CAM04,102EK113,02220165
CAM04,102EK113,02220166
CAM04,102EK113,02220167
CAM04,102EK113,02220168
CAM04,102EK113,02220169
CAM04,102EK113,02220170
CAM04,102EK113,02220171
CAM04,102EK113,02220172
CAM04,102EK113,02220173
CAM04,102EK113,02220174
CAM04,102EK113,02220175
CAM04,102EK113,02220176
CAM04,102EK113,02220177
CAM04,102EK113,02220178
CAM04,102EK113,02220179
CAM04,102EK113,02220180
CAM04,102EK113,02220181
CAM04,102EK113,02220182
CAM04,102EK113,02220183
CAM04,102EK113,02220184
CAM04,102EK113,02220185
CAM04,102EK113,02220186
CAM04,102EK113,02220187
CAM04,102EK113,02220188
CAM04,102EK113,02220189
CAM04,102EK113,02220190
CAM04,102EK113,02220191
CAM04,102EK113,02220192
CAM04,102EK113,02230193
CAM04,102EK113,02230194
CAM04,102EK113,02230195
CAM04,102EK113,02230196
CAM04,102EK113,02230197
CAM04,102EK113,02230198
CAM04,102EK113,02230199
CAM04,102EK113,02230200
CAM04,102EK113,02230201
CAM04,102EK113,02230202
CAM04,102EK113,02230203
CAM04,102EK113,02230204
CAM04,102EK113,02230205
CAM04,102EK113,02230206
CAM04,102EK113,02230207
CAM04,102EK113,02230208
CAM04,102EK113,02230209
CAM04,102EK113,02230210
CAM04,102EK113,02230211
CAM04,102EK113,02230212
CAM04,102EK113,02230213
CAM04,102EK113,02230214
CAM04,102EK113,02230215
CAM04,102EK113,02230216
CAM04,102EK113,02230217
CAM04,102EK113,02230218
CAM04,102EK113,02230219
CAM04,102EK113,02230220
CAM04,102EK113,02230221
CAM04,102EK113,02230222
CAM04,102EK113,02230223
CAM04,102EK113,02230224
CAM04,102EK113,02230225
CAM04,102EK113,02230226
CAM04,102EK113,02230227
CAM04,102EK113,02230228
CAM04,102EK113,02230229
CAM04,102EK113,02230230
CAM04,102EK113,02230231
CAM04,102EK113,02230232
CAM04,102EK113,02230233
CAM04,102EK113,02230234
CAM04,102EK113,02230235
CAM04,102EK113,02230236
CAM04,102EK113,02230237
CAM04,102EK113,02230238
CAM04,102EK113,02230239
CAM04,102EK113,02230240
CAM04,102EK113,02230241
CAM04,102EK113,02230242
CAM04,102EK113,02230243
CAM04,102EK113,02230244
CAM04,102EK113,02230245
CAM04,102EK113,02230246
CAM04,102EK113,02230247
CAM04,102EK113,02230248
CAM04,102EK113,02230249
CAM04,102EK113,02230250
CAM04,102EK113,02230251
CAM04,102EK113,02230252
CAM04,102EK113,02230253
CAM04,102EK113,02230254
CAM04,102EK113,02230255
CAM04,102EK113,02230256
CAM04,102EK113,02230257
CAM04,102EK113,02230258
CAM04,102EK113,02230259
CAM04,102EK113,02230260
CAM04,102EK113,02230261
CAM04,102EK113,02230262
CAM04,102EK113,02230263
CAM04,102EK113,02230264
CAM04,102EK113,02230265
CAM04,102EK113,02230266
CAM04,102EK113,02230267
CAM04,102EK113,02230268
CAM04,102EK113,02230269
CAM04,102EK113,02230270
CAM04,102EK113,02230271
CAM04,102EK113,02230272
CAM04,102EK113,02230273
CAM04,102EK113,02230274
CAM04,102EK113,02230275
CAM04,102EK113,02230276
CAM04,102EK113,02230277
CAM04,102EK113,02230278
CAM04,102EK113,02230279
CAM04,102EK113,02230280
CAM04,102EK113,02230281
CAM04,102EK113,02230282
CAM04,102EK113,02230283
CAM04,102EK113,02230284
CAM04,102EK113,02230285
CAM04,102EK113,02230286
CAM04,102EK113,02230287
CAM04,102EK113,02230288
CAM04,102EK113,02230289
CAM04,102EK113,02230290
CAM04,102EK113,02230291
CAM04,102EK113,02230292
CAM04,102EK113,02230293
CAM04,102EK113,02230294
CAM04,102EK113,02230295
CAM04,102EK113,02230296
CAM04,102EK113,02230297
CAM04,102EK113,02230298
CAM04,102EK113,02230299
CAM04,102EK113,02230300
CAM04,102EK113,02230301
CAM04,102EK113,02230302
CAM04,102EK113,02230303
CAM04,102EK113,02230304
CAM04,102EK113,02230305
CAM04,102EK113,02230306
CAM04,102EK113,02230307
CAM04,102EK113,02230308
CAM04,102EK113,02230309
CAM04,102EK113,02230310
CAM04,102EK113,02230311
CAM04,102EK113,02230312
CAM04,102EK113,02230313
CAM04,102EK113,02230314
CAM04,102EK113,02230315
CAM04,102EK113,02230316
CAM04,102EK113,02230317
CAM04,102EK113,02230318
CAM04,102EK113,02230319
CAM04,102EK113,02230320
CAM04,102EK113,02230321
CAM04,102EK113,02230322
CAM04,102EK113,02230323
CAM04,102EK113,02230324
CAM04,102EK113,02230325
CAM04,102EK113,02230326
CAM04,102EK113,02230327
CAM04,102EK113,02230328
CAM04,102EK113,02230329
CAM04,102EK113,02230330
CAM04,102EK113,02230331
CAM04,102EK113,02230332
CAM04,102EK113,02230333
CAM04,102EK113,02230334
CAM04,102EK113,02230335
CAM04,102EK113,02230336
CAM04,102EK113,02230337
CAM04,102EK113,02230338
CAM04,102EK113,02230339
CAM04,102EK113,02230340
CAM04,102EK113,02230341
CAM04,102EK113,02230342
CAM04,102EK113,02230343
CAM04,102EK113,02230344
CAM04,102EK113,02230345
CAM04,102EK113,02230346
CAM04,102EK113,02230347
CAM04,102EK113,02230348
CAM04,102EK113,02230349
CAM04,102EK113,02230350
CAM04,102EK113,02230351
CAM04,102EK113,02230352
CAM04,102EK113,02230353
CAM04,102EK113,02230354
CAM04,102EK113,02230355
CAM04,102EK113,02230356
CAM04,102EK113,02230357
CAM04,102EK113,02230358
CAM04,102EK113,02230359
CAM04,102EK113,02230360
CAM04,102EK113,02230361
CAM04,102EK113,02230362
CAM04,102EK113,02230363
CAM04,102EK113,02230364
CAM04,102EK113,02230365
CAM04,102EK113,02230366
CAM04,102EK113,02230367
CAM04,102EK113,02230368
CAM04,102EK113,02230369
CAM04,102EK113,02230370
CAM04,102EK113,02230371
CAM04,102EK113,02230372
CAM04,102EK113,02230373
CAM04,102EK113,02230374
CAM04,102EK113,02230375
CAM04,102EK113,02230376
CAM04,102EK113,02230377
CAM04,102EK113,02230378
CAM04,102EK113,02230379
CAM04,102EK113,02230380
CAM04,102EK113,02230381
CAM04,102EK113,02230382
CAM04,102EK113,02230383
CAM04,102EK113,02230384
CAM04,102EK113,02230385
CAM04,102EK113,02230386
CAM04,102EK113,02230387
CAM04,102EK113,02230388
CAM04,102EK113,02230389
CAM04,102EK113,02230390
CAM04,102EK113,02230391
CAM04,102EK113,02230392
CAM04,102EK113,02230393
CAM04,102EK113,02230394
CAM04,102EK113,02230395
CAM04,102EK113,02230396
CAM04,102EK113,02230397
CAM04,102EK113,02230398
CAM04,102EK113,02230399
CAM04,102EK113,02230400
CAM04,102EK113,02230401
CAM04,102EK113,02230402
CAM04,102EK113,02230403
CAM04,102EK113,02230404
CAM04,102EK113,02230405
CAM04,102EK113,02230406
CAM04,102EK113,02230407
CAM04,102EK113,02230408
CAM04,102EK113,02230409
CAM04,102EK113,02230410
CAM04,102EK113,02230411
CAM04,102EK113,02230412
CAM04,102EK113,02230413
CAM04,102EK113,02230414
CAM04,102EK113,02230415
CAM04,102EK113,02230416
CAM04,102EK113,02230417
CAM04,102EK113,02230418
CAM04,102EK113,02230419
CAM04,102EK113,02230420
CAM04,102EK113,02230421
CAM04,102EK113,02230422
CAM04,102EK113,02230423
CAM04,102EK113,02230424
CAM04,102EK113,02230425
CAM04,102EK113,02230426
CAM04,102EK113,02230427
CAM04,102EK113,02230428
CAM04,102EK113,02230429
CAM04,102EK113,02230430
CAM04,102EK113,02230431
CAM04,102EK113,02230432
CAM04,102EK113,02230433
CAM04,102EK113,02230434
CAM04,102EK113,02230435
CAM04,102EK113,02230436
CAM04,102EK113,02230437
CAM04,102EK113,02230438
CAM04,102EK113,02230439
CAM04,102EK113,02230440
CAM04,102EK113,02230441
CAM04,102EK113,02230442
CAM04,102EK113,02230443
CAM04,102EK113,02230444
CAM04,102EK113,02230445
CAM04,102EK113,02230446
CAM04,102EK113,02230447
CAM04,102EK113,02230448
CAM04,102EK113,02230449
CAM04,102EK113,02230450
CAM04,102EK113,02230451
CAM04,102EK113,02230452
CAM04,102EK113,02230453
CAM04,102EK113,02230454
CAM04,102EK113,02230455
CAM04,102EK113,02230456
CAM04,102EK113,02230457
CAM04,102EK113,02230458
CAM04,102EK113,02230459
CAM04,102EK113,02230460
CAM04,102EK113,02230461
CAM04,102EK113,02230462
CAM04,102EK113,02230463
CAM04,102EK113,02230464
CAM04,102EK113,02230465
CAM04,102EK113,02230466
CAM04,102EK113,02230467
CAM04,102EK113,02230468
CAM04,102EK113,02230469
CAM04,102EK113,02230470
CAM04,102EK113,02230471
CAM04,102EK113,02230472
CAM04,102EK113,02230473
CAM04,102EK113,02230474
CAM04,102EK113,02230475
CAM04,102EK113,02230476
CAM04,102EK113,02230477
CAM04,102EK113,02230478
CAM04,102EK113,02230479
CAM04,102EK113,02230480
CAM04,102EK113,02230481
CAM04,102EK113,02230482
CAM04,102EK113,02230483
CAM04,102EK113,02230484
CAM04,102EK113,02230485
CAM04,102EK113,02230486
CAM04,102EK113,02230487
CAM04,102EK113,02230488
CAM04,102EK113,02230489
CAM04,102EK113,02230490
CAM04,102EK113,02230491
CAM04,102EK113,02230492
CAM04,102EK113,02230493
CAM04,102EK113,02230494
CAM04,102EK113,02230495
CAM04,102EK113,02230496
CAM04,102EK113,02230497
CAM04,102EK113,02230498
CAM04,102EK113,02230499
CAM04,102EK113,02230500
CAM04,102EK113,02230501
CAM04,102EK113,02230502
CAM04,102EK113,02230503
CAM04,102EK113,02230504
CAM04,102EK113,02230505
CAM04,102EK113,02230506
CAM04,102EK113,02230507
CAM04,102EK113,02230508
CAM04,102EK113,02230509
CAM04,102EK113,02230510
CAM04,102EK113,02230511
CAM04,102EK113,02230512
CAM04,102EK113,02230513
CAM04,102EK113,02230514
CAM04,102EK113,02230515
CAM04,102EK113,02230516
CAM04,102EK113,02230517
CAM04,102EK113,02230518
CAM04,102EK113,02230519
CAM04,102EK113,02230520
CAM04,102EK113,02230521
CAM04,102EK113,02230522
CAM04,102EK113,02230523
CAM04,102EK113,02230524
CAM04,102EK113,02230525
CAM04,102EK113,02230526
CAM04,102EK113,02230527
CAM04,102EK113,02230528
CAM04,102EK113,02230529
CAM04,102EK113,02230530
CAM04,102EK113,02230531
CAM04,102EK113,02230532
CAM04,102EK113,02230533
CAM04,102EK113,02230534
CAM04,102EK113,02230535
CAM04,102EK113,02230536
CAM04,102EK113,02230537
CAM04,102EK113,02230538
CAM04,102EK113,02230539
CAM04,102EK113,02230540
CAM04,102EK113,02230541
CAM04,102EK113,02230542
CAM04,102EK113,02230543
CAM04,102EK113,02230544
CAM04,102EK113,02230545
CAM04,102EK113,02230546
CAM04,102EK113,02230547
CAM04,102EK113,02230548
CAM04,102EK113,02230549
CAM04,102EK113,02230550
CAM04,102EK113,02230551
CAM04,102EK113,02230552
CAM04,102EK113,02230553
CAM04,102EK113,02230554
CAM04,102EK113,02230555
CAM04,102EK113,02230556
CAM04,102EK113,02230557
CAM04,102EK113,02230558
CAM04,102EK113,02230559
CAM04,102EK113,02230560
CAM04,102EK113,02230561
CAM04,102EK113,02230562
CAM04,102EK113,02230563
CAM04,102EK113,02230564
CAM04,102EK113,02230565
CAM04,102EK113,02230566
CAM04,102EK113,02230567
CAM04,102EK113,02230568
CAM04,102EK113,02230569
CAM04,102EK113,02230570
CAM04,102EK113,02230571
CAM04,102EK113,02230572
CAM04,102EK113,02230573
CAM04,102EK113,02230574
CAM04,102EK113,02230575
CAM04,102EK113,02230576
CAM04,102EK113,02230577
CAM04,102EK113,02230578
CAM04,102EK113,02230579
CAM04,102EK113,02230580
CAM04,102EK113,02230581
CAM04,102EK113,02230582
CAM04,102EK113,02230583
CAM04,102EK113,02230584
CAM04,102EK113,02230585
CAM04,102EK113,02230586
CAM04,102EK113,02230587
CAM04,102EK113,02230588
CAM04,102EK113,02230589
CAM04,102EK113,02230590
CAM04,102EK113,02230591
CAM04,102EK113,02230592
CAM04,102EK113,02230593
CAM04,102EK113,02230594
CAM04,102EK113,02230595
CAM04,102EK113,02230596
CAM04,102EK113,02230597
CAM04,102EK113,02230598
CAM04,102EK113,02230599
CAM04,102EK113,02230600
CAM04,102EK113,02230601
CAM04,102EK113,02230602
CAM04,102EK113,02230603
CAM04,102EK113,02230604
CAM04,102EK113,02230605
CAM04,102EK113,02230606
CAM04,102EK113,02230607
CAM04,102EK113,02230608
CAM04,102EK113,02230609
CAM04,102EK113,02230610
CAM04,102EK113,02230611
CAM04,102EK113,02230612
CAM04,102EK113,02230613
CAM04,102EK113,02230614
CAM04,102EK113,02230615
CAM04,102EK113,02230616
CAM04,102EK113,02230617
CAM04,102EK113,02230618
CAM04,102EK113,02230619
CAM04,102EK113,02230620
CAM04,102EK113,02230621
CAM04,102EK113,02230622
CAM04,102EK113,02230623
CAM04,102EK113,02230624
CAM04,102EK113,02230625
CAM04,102EK113,02230626
CAM04,102EK113,02230627
CAM04,102EK113,02230628
CAM04,102EK113,02230629
CAM04,102EK113,02230630
CAM04,102EK113,02230631
CAM04,102EK113,02230632
CAM04,102EK113,02230633
CAM04,102EK113,02230634
CAM04,102EK113,02230635
CAM04,102EK113,02230636
CAM04,102EK113,02230637
CAM04,102EK113,02230638
CAM04,102EK113,02230639
CAM04,102EK113,02230640
CAM04,102EK113,02230641
CAM04,102EK113,02230642
CAM04,102EK113,02230643
CAM04,102EK113,02230644
CAM04,102EK113,02230645
CAM04,102EK113,02230646
CAM04,102EK113,02230647
CAM04,102EK113,02230648
CAM04,102EK113,02230649
CAM04,102EK113,02230650
CAM04,102EK113,02230651
CAM04,102EK113,02230652
CAM04,102EK113,02230653
CAM04,102EK113,02230654
CAM04,102EK113,02230655
CAM04,102EK113,02230656
CAM04,102EK113,02230657
CAM04,102EK113,02230658
CAM04,102EK113,02230659
CAM04,102EK113,02230660
CAM04,102EK113,02230661
CAM04,102EK113,02230662
CAM04,102EK113,02230663
CAM04,102EK113,02230664
CAM04,102EK113,02230665
CAM04,102EK113,02230666
CAM04,102EK113,02230667
CAM04,102EK113,02230668
CAM04,102EK113,02230669
CAM04,102EK113,02230670
CAM04,102EK113,02230671
CAM04,102EK113,02230672
CAM04,102EK113,02230673
CAM04,102EK113,02230674
CAM04,102EK113,02230675
CAM04,102EK113,02230676
CAM04,102EK113,02230677
CAM04,102EK113,02230678
CAM04,102EK113,02230679
CAM04,102EK113,02230680
CAM04,102EK113,02230681
CAM04,102EK113,02230682
CAM04,102EK113,02230683
CAM04,102EK113,02230684
CAM04,102EK113,02230685
CAM04,102EK113,02230686
CAM04,102EK113,02230687
CAM04,102EK113,02230688
CAM04,102EK113,02230689
CAM04,102EK113,02230690
CAM04,102EK113,02230691
CAM04,102EK113,02230692
CAM04,102EK113,02230693
CAM04,102EK113,02230694
CAM04,102EK113,02230695
CAM04,102EK113,02230696
CAM04,102EK113,02230697
CAM04,102EK113,02230698
CAM04,102EK113,02230699
CAM04,102EK113,02230700
CAM04,102EK113,02230701
CAM04,102EK113,02230702
CAM04,102EK113,02230703
CAM04,102EK113,02230704
CAM04,102EK113,02230705
CAM04,102EK113,02230706
CAM04,102EK113,02230707
CAM04,102EK113,02230708
CAM04,102EK113,02230709
CAM04,102EK113,02230710
CAM04,102EK113,02230711
CAM04,102EK113,02230712
CAM04,102EK113,02230713
CAM04,102EK113,02230714
CAM04,102EK113,02230715
CAM04,102EK113,02230716
CAM04,102EK113,02230717
CAM04,102EK113,02230718
CAM04,102EK113,02230719
CAM04,102EK113,02230720
CAM04,102EK113,02230721
CAM04,102EK113,02230722
CAM04,102EK113,02230723
CAM04,102EK113,02230724
CAM04,102EK113,02230725
CAM04,102EK113,02230726
CAM04,102EK113,02230727
CAM04,102EK113,02230728
CAM04,102EK113,02230729
CAM04,102EK113,02230730
CAM04,102EK113,02230731
CAM04,102EK113,02230732
CAM04,102EK113,02230733
CAM04,102EK113,02230734
CAM04,102EK113,02230735
CAM04,102EK113,02230736
CAM04,102EK113,02230737
CAM04,102EK113,02230738
CAM04,102EK113,02230739
CAM04,102EK113,02230740
CAM04,102EK113,02230741
CAM04,102EK113,02230742
CAM04,102EK113,02230743
CAM04,102EK113,02230744
CAM04,102EK113,02230745
CAM04,102EK113,02230746
CAM04,102EK113,02230747
CAM04,102EK113,02230748
CAM04,102EK113,02230749
CAM04,102EK113,02230750
CAM04,102EK113,02230751
CAM04,102EK113,02230752
CAM04,102EK113,02230753
CAM04,102EK113,02230754
CAM04,102EK113,02230755
CAM04,102EK113,02230756
CAM04,102EK113,02230757
CAM04,102EK113,02230758
CAM04,102EK113,02230759
CAM04,102EK113,02230760
CAM04,102EK113,02230761
CAM04,102EK113,02230762
CAM04,102EK113,02230763
CAM04,102EK113,02230764
CAM04,102EK113,02230765
CAM04,102EK113,02230766
CAM04,102EK113,02230767
CAM04,102EK113,02230768
CAM04,102EK113,02230769
CAM04,102EK113,02230770
CAM04,102EK113,02230771
CAM04,102EK113,02230772
CAM04,102EK113,02230773
CAM04,102EK113,02230774
CAM04,102EK113,02230775
CAM04,102EK113,02230776
CAM04,102EK113,02230777
CAM04,102EK113,02230778
CAM04,102EK113,02230779
CAM04,102EK113,02230780
CAM04,102EK113,02230781
CAM04,102EK113,02230782
CAM04,102EK113,02230783
CAM04,102EK113,02230784
CAM04,102EK113,02230785
CAM04,102EK113,02230786
CAM04,102EK113,02230787
CAM04,102EK113,02230788
CAM04,102EK113,02230789
CAM04,102EK113,02230790
CAM04,102EK113,02230791
CAM04,102EK113,02230792
CAM04,102EK113,02230793
CAM04,102EK113,02230794
CAM04,102EK113,02230795
CAM04,102EK113,02230796
CAM04,102EK113,02230797
CAM04,102EK113,02230798
CAM04,102EK113,02230799
CAM04,102EK113,02230800
CAM04,102EK113,02230801
CAM04,102EK113,02230802
CAM04,102EK113,02230803
CAM04,102EK113,02230804
CAM04,102EK113,02230805
CAM04,102EK113,02230806
CAM04,102EK113,02230807
CAM04,102EK113,02230808
CAM04,102EK113,02230809
CAM04,102EK113,02230810
CAM04,102EK113,02230811
CAM04,102EK113,02230812
CAM04,102EK113,02230813
CAM04,102EK113,02230814
CAM04,102EK113,02230815
CAM04,102EK113,02230816
CAM04,102EK113,02230817
CAM04,102EK113,02230818
CAM04,102EK113,02230819
CAM04,102EK113,02230820
CAM04,102EK113,02230821
CAM04,102EK113,02230822
CAM04,102EK113,02230823
CAM04,102EK113,02230824
CAM04,102EK113,02230825
CAM04,102EK113,02230826
CAM04,102EK113,02230827
CAM04,102EK113,02230828
CAM04,102EK113,02230829
CAM04,102EK113,02230830
CAM04,102EK113,02230831
CAM04,102EK113,02230832
CAM04,102EK113,02230833
CAM04,102EK113,02230834
CAM04,102EK113,02230835
CAM04,102EK113,02230836
CAM04,102EK113,02230837
CAM04,102EK113,02230838
CAM04,102EK113,02230839
CAM04,102EK113,02230840
CAM04,102EK113,02230841
CAM04,102EK113,02230842
CAM04,102EK113,02230843
CAM04,102EK113,02230844
CAM04,102EK113,02230845
CAM04,102EK113,02230846
CAM04,102EK113,02230847
CAM04,102EK113,02230848
CAM04,102EK113,02230849
CAM04,102EK113,02230850
CAM04,102EK113,02230851
CAM04,102EK113,02230852
CAM04,102EK113,02230853
CAM04,102EK113,02230854
CAM04,102EK113,02230855
CAM04,102EK113,02230856
CAM04,102EK113,02230857
CAM04,102EK113,02230858
CAM04,102EK113,02230859
CAM04,102EK113,02230860
CAM04,102EK113,02230861
CAM04,102EK113,02230862
CAM04,102EK113,02230863
CAM04,102EK113,02230864
CAM04,102EK113,02230865
CAM04,102EK113,02230866
CAM04,102EK113,02230867
CAM04,102EK113,02230868
CAM04,102EK113,02230869
CAM04,102EK113,02230870
CAM04,102EK113,02230871
CAM04,102EK113,02230872
CAM04,102EK113,02230873
CAM04,102EK113,02230874
CAM04,102EK113,02230875
CAM04,102EK113,02230876
CAM04,102EK113,02230877
CAM04,102EK113,02230878
CAM04,102EK113,02230879
CAM04,102EK113,02230880
CAM04,102EK113,02230881
CAM04,102EK113,02230882
CAM04,102EK113,02230883
CAM04,102EK113,02230884
CAM04,102EK113,02230885
CAM04,102EK113,02230886
CAM04,102EK113,02230887
CAM04,102EK113,02230888
CAM04,102EK113,02230889
CAM04,102EK113,02230890
CAM04,102EK113,02230891
CAM04,102EK113,02230892
CAM04,102EK113,02230893
CAM04,102EK113,02230894
CAM04,102EK113,02230895
CAM04,102EK113,02230896
CAM04,102EK113,02230897
CAM04,102EK113,02230898
CAM04,102EK113,02230899
CAM04,102EK113,02230900
CAM04,102EK113,02230901
CAM04,102EK113,02230902
CAM04,102EK113,02230903
CAM04,102EK113,02230904
CAM04,102EK113,02230905
CAM04,102EK113,02230906
CAM04,102EK113,02230907
CAM04,102EK113,02230908
CAM04,102EK113,02230909
CAM04,102EK113,02230910
CAM04,102EK113,02230911
CAM04,102EK113,02230912
CAM04,102EK113,02230913
CAM04,102EK113,02230914
CAM04,102EK113,02230915
CAM04,102EK113,02230916
CAM04,102EK113,02230917
CAM04,102EK113,02230918
CAM04,102EK113,02230919
CAM04,102EK113,02230920
CAM04,102EK113,02230921
CAM04,102EK113,02230922
CAM04,102EK113,02230923
CAM04,102EK113,02230924
CAM04,102EK113,02230925
CAM04,102EK113,02230926
CAM04,102EK113,02230927
CAM04,102EK113,02230928
CAM04,102EK113,02230929
CAM04,102EK113,02230930
CAM04,102EK113,02230931
CAM04,102EK113,02230932
CAM04,102EK113,02230933
CAM04,102EK113,02230934
CAM04,102EK113,02230935
CAM04,102EK113,02230936
CAM04,102EK113,02230937
CAM04,102EK113,02230938
CAM04,102EK113,02230939
CAM04,102EK113,02230940
CAM04,102EK113,02230941
CAM04,102EK113,02230942
CAM04,102EK113,02230943
CAM04,102EK113,02230944
CAM04,102EK113,02230945
CAM04,102EK113,02230946
CAM04,102EK113,02230947
CAM04,102EK113,02230948
CAM04,102EK113,02230949
CAM04,102EK113,02230950
CAM04,102EK113,02230951
CAM04,102EK113,02230952
CAM04,102EK113,02230953
CAM04,102EK113,02230954
CAM04,102EK113,02230955
CAM04,102EK113,02230956
CAM04,102EK113,02230957
CAM04,102EK113,02230958
CAM04,102EK113,02230959
CAM04,102EK113,02230960
CAM04,102EK113,02230961
CAM04,102EK113,02230962
CAM04,102EK113,02230963
CAM04,102EK113,02230964
CAM04,102EK113,02230965
CAM04,102EK113,02230966
CAM04,102EK113,02230967
CAM04,102EK113,02230968
CAM04,102EK113,02230969
CAM04,102EK113,02230970
CAM04,102EK113,02230971
CAM04,102EK113,02230972
CAM04,102EK113,02230973
CAM04,102EK113,02230974
CAM04,102EK113,02230975
CAM04,102EK113,02230976
CAM04,102EK113,02230977
CAM04,102EK113,02230978
CAM04,102EK113,02230979
CAM04,102EK113,02230980
CAM04,102EK113,02230981
CAM04,102EK113,02230982
CAM04,102EK113,02230983
CAM04,102EK113,02230984
CAM04,102EK113,02230985
CAM04,102EK113,02230986
CAM04,102EK113,02230987
CAM04,102EK113,02230988
CAM04,102EK113,02230989
CAM04,102EK113,02230990
CAM04,102EK113,02230991
CAM04,102EK113,02230992
CAM04,102EK113,02230993
CAM04,102EK113,02230994
CAM04,102EK113,02230995
CAM04,102EK113,02230996
CAM04,102EK113,02230997
CAM04,102EK113,02230998
CAM04,102EK113,02230999
CAM04,103EK113,02230001
CAM04,103EK113,02230002
CAM04,103EK113,02230003
CAM04,103EK113,02230004
CAM04,103EK113,02230005
CAM04,103EK113,02230006
CAM04,103EK113,02230007
CAM04,103EK113,02230008
CAM04,103EK113,02230009
CAM04,103EK113,02230010
CAM04,103EK113,02230011
CAM04,103EK113,02230012
CAM04,103EK113,02230013
CAM04,103EK113,02230014
CAM04,103EK113,02230015
CAM04,103EK113,02230016
CAM04,103EK113,02230017
CAM04,103EK113,02230018
CAM04,103EK113,02230019
CAM04,103EK113,02230020
CAM04,103EK113,02230021
CAM04,103EK113,02230022
CAM04,103EK113,02230023
CAM04,103EK113,02230024
CAM04,103EK113,02230025
CAM04,103EK113,02230026
CAM04,103EK113,02230027
CAM04,103EK113,02230028
CAM04,103EK113,02230029
CAM04,103EK113,02230030
CAM04,103EK113,02230031
CAM04,103EK113,02230032
CAM04,103EK113,02230033
CAM04,103EK113,02230034
CAM04,103EK113,02230035
CAM04,103EK113,02230036
CAM04,103EK113,02230037
CAM04,103EK113,02230038
CAM04,103EK113,02230039
CAM04,103EK113,02230040
CAM04,103EK113,02230041
CAM04,103EK113,02230042
CAM04,103EK113,02230043
CAM04,103EK113,02230044
CAM04,103EK113,02230045
CAM04,103EK113,02230046
CAM04,103EK113,02230047
CAM04,103EK113,02230048
CAM04,103EK113,02230049
CAM04,103EK113,02230050
CAM04,103EK113,02230051
CAM04,103EK113,02230052
CAM04,103EK113,02230053
CAM04,103EK113,02230054
CAM04,103EK113,02230055
CAM04,103EK113,02230056
CAM04,103EK113,02230057
CAM04,103EK113,02230058
CAM04,103EK113,02230059
CAM04,103EK113,02230060
CAM04,103EK113,02230061
CAM04,103EK113,02230062
CAM04,103EK113,02230063
CAM04,103EK113,02230064
CAM04,103EK113,02230065
CAM04,103EK113,02230066
CAM04,103EK113,02230067
CAM04,103EK113,02230068
CAM04,103EK113,02230069
CAM04,103EK113,02230070
CAM04,103EK113,02230071
CAM04,103EK113,02230072
CAM04,103EK113,02230073
CAM04,103EK113,02230074
CAM04,103EK113,02230075
CAM04,103EK113,02230076
CAM04,103EK113,02230077
CAM04,103EK113,02230078
CAM04,103EK113,02230079
CAM04,103EK113,02230080
CAM04,103EK113,02230081
CAM04,103EK113,02230082
CAM04,103EK113,02230083
CAM04,103EK113,02230084
CAM04,103EK113,02230085
CAM04,103EK113,02230086
CAM04,103EK113,02230087
CAM04,103EK113,02230088
CAM04,103EK113,02230089
CAM04,103EK113,02230090
CAM04,103EK113,02230091
CAM04,103EK113,02230092
CAM04,103EK113,02230093
CAM04,103EK113,02230094
CAM04,103EK113,02230095
CAM04,103EK113,02230096
CAM04,103EK113,02230097
CAM04,103EK113,02230098
CAM04,103EK113,02230099
CAM04,103EK113,02230100
CAM04,103EK113,02230101
CAM04,103EK113,02230102
CAM04,103EK113,02230103
CAM04,103EK113,02230104
CAM04,103EK113,02230105
CAM04,103EK113,02230106
CAM04,103EK113,02230107
CAM04,103EK113,02230108
CAM04,103EK113,02230109
CAM04,103EK113,02230110
CAM04,103EK113,02230111
CAM04,103EK113,02230112
CAM04,103EK113,02230113
CAM04,103EK113,02230114
CAM04,103EK113,02230115
CAM04,103EK113,02230116
CAM04,103EK113,02230117
CAM04,103EK113,02230118
CAM04,103EK113,02230119
CAM04,103EK113,02230120
CAM04,103EK113,02230121
CAM04,103EK113,02230122
CAM04,103EK113,02230123
CAM04,103EK113,02230124
CAM04,103EK113,02230125
CAM04,103EK113,02230126
CAM04,103EK113,02230127
CAM04,103EK113,02230128
CAM04,103EK113,02230129
CAM04,103EK113,02230130
CAM04,103EK113,02230131
CAM04,103EK113,02230132
CAM04,103EK113,02230133
CAM04,103EK113,02230134
CAM04,103EK113,02230135
CAM04,103EK113,02230136
CAM04,103EK113,02230137
CAM04,103EK113,02230138
CAM04,103EK113,02230139
CAM04,103EK113,02230140
CAM04,103EK113,02230141
CAM04,103EK113,02230142
CAM04,103EK113,02230143
CAM04,103EK113,02230144
CAM04,103EK113,02230145
CAM04,103EK113,02230146
CAM04,103EK113,02230147
CAM04,103EK113,02230148
CAM04,103EK113,02230149
CAM04,103EK113,02230150
CAM04,103EK113,02230151
CAM04,103EK113,02230152
CAM04,103EK113,02230153
CAM04,103EK113,02230154
CAM04,103EK113,02230155
CAM04,103EK113,02230156
CAM04,103EK113,02230157
CAM04,103EK113,02230158
CAM04,103EK113,02230159
CAM04,103EK113,02230160
CAM04,103EK113,02230161
CAM04,103EK113,02230162
CAM04,103EK113,02230163
CAM04,103EK113,02230164
CAM04,103EK113,02230165
CAM04,103EK113,02230166
CAM04,103EK113,02230167
CAM04,103EK113,02230168
CAM04,103EK113,02230169
CAM04,103EK113,02230170
CAM04,103EK113,02230171
CAM04,103EK113,02230172
CAM04,103EK113,02230173
CAM04,103EK113,02230174
CAM04,103EK113,02230175
CAM04,103EK113,02230176
CAM04,103EK113,02230177
CAM04,103EK113,02230178
CAM04,103EK113,02230179
CAM04,103EK113,02230180
CAM04,103EK113,02230181
CAM04,103EK113,02230182
CAM04,103EK113,02230183
CAM04,103EK113,02230184
CAM04,103EK113,02230185
CAM04,103EK113,02230186
CAM04,103EK113,02230187
CAM04,103EK113,02230188
CAM04,103EK113,02230189
CAM04,103EK113,02230190
CAM04,103EK113,02230191
CAM04,103EK113,02230192
CAM04,103EK113,02230193
CAM04,103EK113,02230194
CAM04,103EK113,02230195
CAM04,103EK113,02230196
CAM04,103EK113,02230197
CAM04,103EK113,02230198
CAM04,103EK113,02230199
CAM04,103EK113,02230200
CAM04,103EK113,02230201
CAM04,103EK113,02230202
CAM04,103EK113,02230203
CAM04,103EK113,02230204
CAM04,103EK113,02230205
CAM04,103EK113,02230206
CAM04,103EK113,02230207
CAM04,103EK113,02230208
CAM04,103EK113,02230209
CAM04,103EK113,02230210
CAM04,103EK113,02230211
CAM04,103EK113,02230212
CAM04,103EK113,02230213
CAM04,103EK113,02230214
CAM04,103EK113,02230215
CAM04,103EK113,02230216
CAM04,103EK113,02230217
CAM04,103EK113,02230218
CAM04,103EK113,02230219
CAM04,103EK113,02230220
CAM04,103EK113,02230221
CAM04,103EK113,02230222
CAM04,103EK113,02230223
CAM04,103EK113,02230224
CAM04,103EK113,02230225
CAM04,103EK113,02230226
CAM04,103EK113,02230227
CAM04,103EK113,02230228
CAM04,103EK113,02230229
CAM04,103EK113,02230230
CAM04,103EK113,02230231
CAM04,103EK113,02230232
CAM04,103EK113,02230233
CAM04,103EK113,02230234
CAM04,103EK113,02230235
CAM04,103EK113,02230236
CAM04,103EK113,02230237
CAM04,103EK113,02230238
CAM04,103EK113,02230239
CAM04,103EK113,02230240
CAM04,103EK113,02230241
CAM04,103EK113,02230242
CAM04,103EK113,02230243
CAM04,103EK113,02230244
CAM04,103EK113,02230245
CAM04,103EK113,02230246
CAM04,103EK113,02230247
CAM04,103EK113,02230248
CAM04,103EK113,02230249
CAM04,103EK113,02230250
CAM04,103EK113,02230251
CAM04,103EK113,02230252
CAM04,103EK113,02230253
CAM04,103EK113,02230254
CAM04,103EK113,02230255
CAM04,103EK113,02230256
CAM04,103EK113,02230257
CAM04,103EK113,02230258
CAM04,103EK113,02230259
CAM04,103EK113,02230260
CAM04,103EK113,02230261
CAM04,103EK113,02230262
CAM04,103EK113,02230263
CAM04,103EK113,02230264
CAM04,103EK113,02230265
CAM04,103EK113,02230266
CAM04,103EK113,02230267
CAM04,103EK113,02230268
CAM04,103EK113,02230269
CAM04,103EK113,02230270
CAM04,103EK113,02230271
CAM04,103EK113,02230272
CAM04,103EK113,02230273
CAM04,103EK113,02230274
CAM04,103EK113,02230275
CAM04,103EK113,02230276
CAM04,103EK113,02230277
CAM04,103EK113,02230278
CAM04,103EK113,02230279
CAM04,103EK113,02230280
CAM04,103EK113,02230281
CAM04,103EK113,02230282
CAM04,103EK113,02230283
CAM04,103EK113,02230284
CAM04,103EK113,02230285
CAM04,103EK113,02230286
CAM04,103EK113,02230287
CAM04,103EK113,02230288
CAM04,103EK113,02230289
CAM04,103EK113,02230290
CAM04,103EK113,02230291
CAM04,103EK113,02230292
CAM04,103EK113,02230293
CAM04,103EK113,02230294
CAM04,103EK113,02230295
CAM04,103EK113,02230296
CAM04,103EK113,02230297
CAM04,103EK113,02230298
CAM04,103EK113,02230299
CAM04,103EK113,02230300
CAM04,103EK113,02230301
CAM04,103EK113,02230302
CAM04,103EK113,02230303
CAM04,103EK113,02230304
CAM04,103EK113,02230305
CAM04,103EK113,02230306
CAM04,103EK113,02230307
CAM04,103EK113,02230308
CAM04,103EK113,02230309
CAM04,103EK113,02230310
CAM04,103EK113,02230311
CAM04,103EK113,02230312
CAM04,103EK113,02230313
CAM04,103EK113,02230314
CAM04,103EK113,02230315
CAM04,103EK113,02230316
CAM04,103EK113,02230317
CAM04,103EK113,02230318
CAM04,103EK113,02230319
CAM04,103EK113,02230320
CAM04,103EK113,02230321
CAM04,103EK113,02230322
CAM04,103EK113,02230323
CAM04,103EK113,02230324
CAM04,103EK113,02230325
CAM04,103EK113,02230326
CAM04,103EK113,02230327
CAM04,103EK113,02230328
CAM04,103EK113,02230329
CAM04,103EK113,02230330
CAM04,103EK113,02230331
CAM04,103EK113,02230332
CAM04,103EK113,02230333
CAM04,103EK113,02230334
CAM04,103EK113,02230335
CAM04,103EK113,02230336
CAM04,103EK113,02230337
CAM04,103EK113,02230338
CAM04,103EK113,02230339
CAM04,103EK113,02230340
CAM04,103EK113,02230341
CAM04,103EK113,02230342
CAM04,103EK113,02230343
CAM04,103EK113,02230344
CAM04,103EK113,02230345
CAM04,103EK113,02230346
CAM04,103EK113,02230347
CAM04,103EK113,02230348
CAM04,103EK113,02230349
CAM04,103EK113,02230350
CAM04,103EK113,02230351
CAM04,103EK113,02230352
CAM04,103EK113,02230353
CAM04,103EK113,02230354
CAM04,103EK113,02230355
CAM04,103EK113,02230356
CAM04,103EK113,02230357
CAM04,103EK113,02230358
CAM04,103EK113,02230359
CAM04,103EK113,02230360
CAM04,103EK113,02230361
CAM04,103EK113,02230362
CAM04,103EK113,02230363
CAM04,103EK113,02230364
CAM04,103EK113,02230365
CAM04,103EK113,02230366
CAM04,103EK113,02230367
CAM04,103EK113,02230368
CAM04,103EK113,02230369
CAM04,103EK113,02230370
CAM04,103EK113,02230371
CAM04,103EK113,02230372
CAM04,103EK113,02230373
CAM04,103EK113,02230374
CAM04,103EK113,02230375
CAM04,103EK113,02230376
CAM04,103EK113,02230377
CAM04,103EK113,02230378
CAM04,103EK113,02230379
CAM04,103EK113,02230380
CAM04,103EK113,02230381
CAM04,103EK113,02230382
CAM04,103EK113,02230383
CAM04,103EK113,02230384
CAM04,103EK113,02230385
CAM04,103EK113,02230386
CAM04,103EK113,02230387
CAM04,103EK113,02230388
CAM04,103EK113,02230389
CAM04,103EK113,02230390
CAM04,103EK113,02230391
CAM04,103EK113,02230392
CAM04,103EK113,02230393
CAM04,103EK113,02230394
CAM04,103EK113,02230395
CAM04,103EK113,02230396
CAM04,103EK113,02230397
CAM04,103EK113,02230398
CAM04,103EK113,02230399
CAM04,103EK113,02230400
CAM04,103EK113,02230401
CAM04,103EK113,02230402
CAM04,103EK113,02230403
CAM04,103EK113,02230404
CAM04,103EK113,02230405
CAM04,103EK113,02230406
CAM04,103EK113,02230407
CAM04,103EK113,02230408
CAM04,103EK113,02230409
CAM04,103EK113,02230410
CAM04,103EK113,02230411
CAM04,103EK113,02230412
CAM04,103EK113,02230413
CAM04,103EK113,02230414
CAM04,103EK113,02230415
CAM04,103EK113,02230416
CAM04,103EK113,02230417
CAM04,103EK113,02230418
CAM04,103EK113,02230419
CAM04,103EK113,02230420
CAM04,103EK113,02230421
CAM04,103EK113,02230422
CAM04,103EK113,02230423
CAM04,103EK113,02230424
CAM04,103EK113,02230425
CAM04,103EK113,02230426
CAM04,103EK113,02230427
CAM04,103EK113,02230428
CAM04,103EK113,02230429
CAM04,103EK113,02230430
CAM04,103EK113,02230431
CAM04,103EK113,02230432
CAM04,103EK113,02230433
CAM04,103EK113,02230434
CAM04,103EK113,02230435
CAM04,103EK113,02230436
CAM04,103EK113,02230437
CAM04,103EK113,02230438
CAM04,103EK113,02230439
CAM04,103EK113,02230440
CAM04,103EK113,02230441
CAM04,103EK113,02230442
CAM04,103EK113,02230443
CAM04,103EK113,02230444
CAM04,103EK113,02230445
CAM04,103EK113,02230446
CAM04,103EK113,02230447
CAM04,103EK113,02230448
CAM04,103EK113,02230449
CAM04,103EK113,02230450
CAM04,103EK113,02230451
CAM04,103EK113,02230452
CAM04,103EK113,02230453
CAM04,103EK113,02230454
CAM04,103EK113,02230455
CAM04,103EK113,02230456
CAM04,103EK113,02230457
CAM04,103EK113,02230458
CAM04,103EK113,02230459
CAM04,103EK113,02230460
CAM04,103EK113,02230461
CAM04,103EK113,02230462
CAM04,103EK113,02230463
CAM04,103EK113,02230464
CAM04,103EK113,02230465
CAM04,103EK113,02230466
CAM04,103EK113,02230467
CAM04,103EK113,02230468
CAM04,103EK113,02230469
CAM04,103EK113,02230470
CAM04,103EK113,02230471
CAM04,103EK113,02230472
CAM04,103EK113,02230473
CAM04,103EK113,02230474
CAM04,103EK113,02230475
CAM04,103EK113,02230476
CAM04,103EK113,02230477
CAM04,103EK113,02230478
CAM04,103EK113,02230479
CAM04,103EK113,02230480
CAM04,103EK113,02230481
CAM04,103EK113,02230482
CAM04,103EK113,02230483
CAM04,103EK113,02230484
CAM04,103EK113,02230485
CAM04,103EK113,02230486
CAM04,103EK113,02230487
CAM04,103EK113,02230488
CAM04,103EK113,02230489
CAM04,103EK113,02230490
CAM04,103EK113,02230491
CAM04,103EK113,02230492
CAM04,103EK113,02230493
CAM04,103EK113,02230494
CAM04,103EK113,02230495
CAM04,103EK113,02230496
CAM04,103EK113,02230497
CAM04,103EK113,02230498
CAM04,103EK113,02230499
CAM04,103EK113,02230500
CAM04,103EK113,02230501
CAM04,103EK113,02230502
CAM04,103EK113,02230503
CAM04,103EK113,02230504
CAM04,103EK113,02230505
CAM04,103EK113,02230506
CAM04,103EK113,02230507
CAM04,103EK113,02230508
CAM04,103EK113,02230509
CAM04,103EK113,02230510
CAM04,103EK113,02230511
CAM04,103EK113,02230512
CAM04,103EK113,02230513
CAM04,103EK113,02230514
CAM04,103EK113,02230515
CAM04,103EK113,02230516
CAM04,103EK113,02230517
CAM04,103EK113,02230518
CAM04,103EK113,02230519
CAM04,103EK113,02230520
CAM04,103EK113,02230521
CAM04,103EK113,02230522
CAM04,103EK113,02230523
CAM04,103EK113,02230524
CAM04,103EK113,02230525
CAM04,103EK113,02230526
CAM04,103EK113,02230527
CAM04,103EK113,02230528
CAM04,103EK113,02230529
CAM04,103EK113,02230530
CAM04,103EK113,02230531
CAM04,103EK113,02230532
CAM04,103EK113,02230533
CAM04,103EK113,02230534
CAM04,103EK113,02230535
CAM04,103EK113,02230536
CAM04,103EK113,02230537
CAM04,103EK113,02230538
CAM04,103EK113,02230539
CAM04,103EK113,02230540
CAM04,103EK113,02230541
CAM04,103EK113,02230542
CAM04,103EK113,02230543
CAM04,103EK113,02230544
CAM04,103EK113,02230545
CAM04,103EK113,02230546
CAM04,103EK113,02230547
CAM04,103EK113,02230548
CAM04,103EK113,02230549
CAM04,103EK113,02230550
CAM04,103EK113,02230551
CAM04,103EK113,02230552
CAM04,103EK113,02230553
CAM04,103EK113,02230554
CAM04,103EK113,02230555
CAM04,103EK113,02230556
CAM04,103EK113,02230557
CAM04,103EK113,02230558
CAM04,103EK113,02230559
CAM04,103EK113,02230560
CAM04,103EK113,02230561
CAM04,103EK113,02230562
CAM04,103EK113,02230563
CAM04,103EK113,02230564
CAM04,103EK113,02230565
CAM04,103EK113,02230566
CAM04,103EK113,02230567
CAM04,103EK113,02230568
CAM04,103EK113,02230569
CAM04,103EK113,02230570
CAM04,103EK113,02230571
CAM04,103EK113,02230572
CAM04,103EK113,02230573
CAM04,103EK113,02230574
CAM04,103EK113,02230575
CAM04,103EK113,02230576
CAM04,103EK113,02230577
CAM04,103EK113,02230578
CAM04,103EK113,02230579
CAM04,103EK113,02230580
CAM04,103EK113,02230581
CAM04,103EK113,02230582
CAM04,103EK113,02230583
CAM04,103EK113,02230584
CAM04,103EK113,02230585
CAM04,103EK113,02230586
CAM04,103EK113,02230587
CAM04,103EK113,02230588
CAM04,103EK113,02230589
CAM04,103EK113,02230590
CAM04,103EK113,02230591
CAM04,103EK113,02230592
CAM04,103EK113,02230593
CAM04,103EK113,02230594
CAM04,103EK113,02230595
CAM04,103EK113,02230596
CAM04,103EK113,02230597
CAM04,103EK113,02230598
CAM04,103EK113,02230599
CAM04,103EK113,02230600
CAM04,103EK113,02230601
CAM04,103EK113,02230602
CAM04,103EK113,02230603
CAM04,103EK113,02230604
CAM04,103EK113,02230605
CAM04,103EK113,02230606
CAM04,103EK113,02230607
CAM04,103EK113,02230608
CAM04,103EK113,02230609
CAM04,103EK113,02230610
CAM04,103EK113,02230611
CAM04,103EK113,02230612
CAM04,103EK113,02230613
CAM04,103EK113,02230614
CAM04,103EK113,02230615
CAM04,103EK113,02230616
CAM04,103EK113,02230617
CAM04,103EK113,02230618
CAM04,103EK113,02230619
CAM04,103EK113,02230620
CAM04,103EK113,02230621
CAM04,103EK113,02230622
CAM04,103EK113,02230623
CAM04,103EK113,02230624
CAM04,103EK113,02230625
CAM04,103EK113,02230626
CAM04,103EK113,02230627
CAM04,103EK113,02230628
CAM04,103EK113,02230629
CAM04,103EK113,02230630
CAM04,103EK113,02230631
CAM04,103EK113,02230632
CAM04,103EK113,02230633
CAM04,103EK113,02230634
CAM04,103EK113,02230635
CAM04,103EK113,02230636
CAM04,103EK113,02230637
CAM04,103EK113,02230638
CAM04,103EK113,02230639
CAM04,103EK113,02230640
CAM04,103EK113,02230641
CAM04,103EK113,02230642
CAM04,103EK113,02230643
CAM04,103EK113,02230644
CAM04,103EK113,02230645
CAM04,103EK113,02230646
CAM04,103EK113,02230647
CAM04,103EK113,02230648
CAM04,103EK113,02230649
CAM04,103EK113,02230650
CAM04,103EK113,02230651
CAM04,103EK113,02230652
CAM04,103EK113,02230653
CAM04,103EK113,02230654
CAM04,103EK113,02230655
CAM04,103EK113,02230656
CAM04,103EK113,02230657
CAM04,103EK113,02230658
CAM04,103EK113,02230659
CAM04,103EK113,02230660
CAM04,103EK113,02230661
CAM04,103EK113,02230662
CAM04,103EK113,02230663
CAM04,103EK113,02230664
CAM04,103EK113,02230665
CAM04,103EK113,02230666
CAM04,103EK113,02230667
CAM04,103EK113,02230668
CAM04,103EK113,02230669
CAM04,103EK113,02230670
CAM04,103EK113,02230671
CAM04,103EK113,02230672
CAM04,103EK113,02230673
CAM04,103EK113,02230674
CAM04,103EK113,02230675
CAM04,103EK113,02230676
CAM04,103EK113,02230677
CAM04,103EK113,02230678
CAM04,103EK113,02230679
CAM04,103EK113,02230680
CAM04,103EK113,02230681
CAM04,103EK113,02230682
CAM04,103EK113,02230683
CAM04,103EK113,02230684
CAM04,103EK113,02230685
CAM04,103EK113,02230686
CAM04,103EK113,02230687
CAM04,103EK113,02230688
CAM04,103EK113,02230689
CAM04,103EK113,02230690
CAM04,103EK113,02230691
CAM04,103EK113,02230692
CAM04,103EK113,02230693
CAM04,103EK113,02230694
CAM04,103EK113,02230695
CAM04,103EK113,02230696
CAM04,103EK113,02230697
CAM04,103EK113,02230698
CAM04,103EK113,02230699
CAM04,103EK113,02230700
CAM04,103EK113,02230701
CAM04,103EK113,02230702
CAM04,103EK113,02230703
CAM04,103EK113,02230704
CAM04,103EK113,02230705
CAM04,103EK113,02230706
CAM04,103EK113,02230707
CAM04,103EK113,02230708
CAM04,103EK113,02230709
CAM04,103EK113,02230710
CAM04,103EK113,02230711
CAM04,103EK113,02230712
CAM04,103EK113,02230713
CAM04,103EK113,02230714
CAM04,103EK113,02230715
CAM04,103EK113,02230716
CAM04,103EK113,02230717
CAM04,103EK113,02230718
CAM04,103EK113,02230719
CAM04,103EK113,02230720
CAM04,103EK113,02230721
CAM04,103EK113,02230722
CAM04,103EK113,02230723
CAM04,103EK113,02230724
CAM04,103EK113,02230725
CAM04,103EK113,02230726
CAM04,103EK113,02230727
CAM04,103EK113,02230728
CAM04,103EK113,02230729
CAM04,103EK113,02230730
CAM04,103EK113,02230731
CAM04,103EK113,02230732
CAM04,103EK113,02230733
CAM04,103EK113,02230734
CAM04,103EK113,02230735
CAM04,103EK113,02230736
CAM04,103EK113,02230737
CAM04,103EK113,02230738
CAM04,103EK113,02230739
CAM04,103EK113,02230740
CAM04,103EK113,02230741
CAM04,103EK113,02230742
CAM04,103EK113,02230743
CAM04,103EK113,02230744
CAM04,103EK113,02230745
CAM04,103EK113,02230746
CAM04,103EK113,02230747
CAM04,103EK113,02230748
CAM04,103EK113,02230749
CAM04,103EK113,02230750
CAM04,103EK113,02230751
CAM04,103EK113,02230752
CAM04,103EK113,02230753
CAM04,103EK113,02230754
CAM04,103EK113,02230755
CAM04,103EK113,02230756
CAM04,103EK113,02230757
CAM04,103EK113,02230758
CAM04,103EK113,02230759
CAM04,103EK113,02230760
CAM04,103EK113,02230761
CAM04,103EK113,02230762
CAM04,103EK113,02230763
CAM04,103EK113,02230764
CAM04,103EK113,02230765
CAM04,103EK113,02230766
CAM04,103EK113,02230767
CAM04,103EK113,02230768
CAM04,103EK113,02230769
CAM04,103EK113,02230770
CAM04,103EK113,02230771
CAM04,103EK113,02230772
CAM04,103EK113,02230773
CAM04,103EK113,02230774
CAM04,103EK113,02230775
CAM04,103EK113,02230776
CAM04,103EK113,02230777
CAM04,103EK113,02230778
CAM04,103EK113,02230779
CAM04,103EK113,02230780
CAM04,103EK113,02230781
CAM04,103EK113,02230782
CAM04,103EK113,02230783
CAM04,103EK113,02230784
CAM04,103EK113,02230785
CAM04,103EK113,02230786
CAM04,103EK113,02230787
CAM04,103EK113,02230788
CAM04,103EK113,02230789
CAM04,103EK113,02230790
CAM04,103EK113,02230791
CAM04,103EK113,02230792
CAM04,103EK113,02230793
CAM04,103EK113,02230794
CAM04,103EK113,02230795
CAM04,103EK113,02230796
CAM04,103EK113,02230797
CAM04,103EK113,02230798
CAM04,103EK113,02230799
CAM04,103EK113,02230800
CAM04,103EK113,02230801
CAM04,103EK113,02230802
CAM04,103EK113,02230803
CAM04,103EK113,02230804
CAM04,103EK113,02230805
CAM04,103EK113,02230806
CAM04,103EK113,02230807
CAM04,103EK113,02230808
CAM04,103EK113,02230809
CAM04,103EK113,02230810
CAM04,103EK113,02230811
CAM04,103EK113,02230812
CAM04,103EK113,02230813
CAM04,103EK113,02230814
CAM04,103EK113,02230815
CAM04,103EK113,02230816
CAM04,103EK113,02230817
CAM04,103EK113,02230818
CAM04,103EK113,02230819
CAM04,103EK113,02230820
CAM04,103EK113,02230821
CAM04,103EK113,02230822
CAM04,103EK113,02230823
CAM04,103EK113,02230824
CAM04,103EK113,02230825
CAM04,103EK113,02230826
CAM04,103EK113,02230827
CAM04,103EK113,02230828
CAM04,103EK113,02230829
CAM04,103EK113,02230830
CAM04,103EK113,02230831
CAM04,103EK113,02230832
CAM04,103EK113,02230833
CAM04,103EK113,02230834
CAM04,103EK113,02230835
CAM04,103EK113,02230836
CAM04,103EK113,02230837
CAM04,103EK113,02230838
CAM04,103EK113,02230839
CAM04,103EK113,02230840
CAM04,103EK113,02230841
CAM04,103EK113,02230842
CAM04,103EK113,02230843
CAM04,103EK113,02230844
CAM04,103EK113,02230845
CAM04,103EK113,02230846
CAM04,103EK113,02230847
CAM04,103EK113,02230848
CAM04,103EK113,02230849
CAM04,103EK113,02230850
CAM04,103EK113,02230851
CAM04,103EK113,02230852
CAM04,103EK113,02230853
CAM04,103EK113,02230854
CAM04,103EK113,02230855
CAM04,103EK113,02230856
CAM04,103EK113,02230857
CAM04,103EK113,02230858
CAM04,103EK113,02230859
CAM04,103EK113,02230860
CAM04,103EK113,02230861
CAM04,103EK113,02230862
CAM04,103EK113,02230863
CAM04,103EK113,02230864
CAM04,103EK113,02230865
CAM04,103EK113,02230866
CAM04,103EK113,02230867
CAM04,103EK113,02230868
CAM04,103EK113,02230869
CAM04,103EK113,02230870
CAM04,103EK113,02230871
CAM04,103EK113,02230872
CAM04,103EK113,02230873
CAM04,103EK113,02230874
CAM04,103EK113,02230875
CAM04,103EK113,02230876
CAM04,103EK113,02230877
CAM04,103EK113,02230878
CAM04,103EK113,02230879
CAM04,103EK113,02230880
CAM04,103EK113,02230881
CAM04,103EK113,02230882
CAM04,103EK113,02230883
CAM04,103EK113,02230884
CAM04,103EK113,02230885
CAM04,103EK113,02230886
CAM04,103EK113,02230887
CAM04,103EK113,02230888
CAM04,103EK113,02230889
CAM04,103EK113,02230890
CAM04,103EK113,02230891
CAM04,103EK113,02230892
CAM04,103EK113,02230893
CAM04,103EK113,02230894
CAM04,103EK113,02230895
CAM04,103EK113,02230896
CAM04,103EK113,02230897
CAM04,103EK113,02230898
CAM04,103EK113,02230899
CAM04,103EK113,02230900
CAM04,103EK113,02230901
CAM04,103EK113,02230902
CAM04,103EK113,02230903
CAM04,103EK113,02230904
CAM04,103EK113,02230905
CAM04,103EK113,02230906
CAM04,103EK113,02230907
CAM04,103EK113,02230908
CAM04,103EK113,02230909
CAM04,103EK113,02230910
CAM04,103EK113,02230911
CAM04,103EK113,02230912
CAM04,103EK113,02230913
CAM04,103EK113,02230914
CAM04,103EK113,02230915
CAM04,103EK113,02230916
CAM04,103EK113,02230917
CAM04,103EK113,02230918
CAM04,103EK113,02230919
CAM04,103EK113,02230920
CAM04,103EK113,02230921
CAM04,103EK113,02230922
CAM04,103EK113,02230923
CAM04,103EK113,02230924
CAM04,103EK113,02230925
CAM04,103EK113,02230926
CAM04,103EK113,02230927
CAM04,103EK113,02230928
CAM04,103EK113,02230929
CAM04,103EK113,02230930
CAM04,103EK113,02230931
CAM04,103EK113,02230932
CAM04,103EK113,02230933
CAM04,103EK113,02230934
CAM04,103EK113,02230935
CAM04,103EK113,02230936
CAM04,103EK113,02230937
CAM04,103EK113,02230938
CAM04,103EK113,02230939
CAM04,103EK113,02230940
CAM04,103EK113,02230941
CAM04,103EK113,02230942
CAM04,103EK113,02230943
CAM04,103EK113,02230944
CAM04,103EK113,02230945
CAM04,103EK113,02230946
CAM04,103EK113,02230947
CAM04,103EK113,02230948
CAM04,103EK113,02230949
CAM04,103EK113,02230950
CAM04,103EK113,02230951
CAM04,103EK113,02230952
CAM04,103EK113,02230953
CAM04,103EK113,02230954
CAM04,103EK113,02230955
CAM04,103EK113,02230956
CAM04,103EK113,02230957
CAM04,103EK113,02230958
CAM04,103EK113,02230959
CAM04,103EK113,02230960
CAM04,103EK113,02230961
CAM04,103EK113,02230962
CAM04,103EK113,02230963
CAM04,103EK113,02230964
CAM04,103EK113,02230965
CAM04,103EK113,02230966
CAM04,103EK113,02230967
CAM04,103EK113,02230968
CAM04,103EK113,02230969
CAM04,103EK113,02230970
CAM04,103EK113,02230971
CAM04,103EK113,02230972
CAM04,103EK113,02230973
CAM04,103EK113,02230974
CAM04,103EK113,02230975
CAM04,103EK113,02230976
CAM04,103EK113,02230977
CAM04,103EK113,02230978
CAM04,103EK113,02230979
CAM04,103EK113,02230980
CAM04,103EK113,02230981
CAM04,103EK113,02230982
CAM04,103EK113,02230983
CAM04,103EK113,02230984
CAM04,103EK113,02230985
CAM04,103EK113,02230986
CAM04,103EK113,02230987
CAM04,103EK113,02230988
CAM04,103EK113,02230989
CAM04,103EK113,02230990
CAM04,103EK113,02230991
CAM04,103EK113,02230992
CAM04,103EK113,02230993
CAM04,103EK113,02230994
CAM04,103EK113,02230995
CAM04,103EK113,02230996
CAM04,103EK113,02230997
CAM04,103EK113,02230998
CAM04,103EK113,02230999
CAM04,104EK113,02230001
CAM04,104EK113,02230002
CAM04,104EK113,02230003
CAM04,104EK113,02230004
CAM04,104EK113,02230005
CAM04,104EK113,02230006
CAM04,104EK113,02230007
CAM04,104EK113,02230008
CAM04,104EK113,02230009
CAM04,104EK113,02230010
CAM04,104EK113,02230011
CAM04,104EK113,02230012
CAM04,104EK113,02230013
CAM04,104EK113,02230014
CAM04,104EK113,02230015
CAM04,104EK113,02230016
CAM04,104EK113,02230017
CAM04,104EK113,02230018
CAM04,104EK113,02230019
CAM04,104EK113,02230020
CAM04,104EK113,02230021
CAM04,104EK113,02230022
CAM04,104EK113,02230023
CAM04,104EK113,02230024
CAM04,104EK113,02230025
CAM04,104EK113,02230026
CAM04,104EK113,02230027
CAM04,104EK113,02230028
CAM04,104EK113,02230029
CAM04,104EK113,02230030
CAM04,104EK113,02230031
CAM04,104EK113,02230032
CAM04,104EK113,02230033
CAM04,104EK113,02230034
CAM04,104EK113,02230035
CAM04,104EK113,02230036
CAM04,104EK113,02230037
CAM04,104EK113,02230038
CAM04,104EK113,02230039
CAM04,104EK113,02230040
CAM04,104EK113,02230041
CAM04,104EK113,02230042
CAM04,104EK113,02230043
CAM04,104EK113,02230044
CAM04,104EK113,02230045
CAM04,104EK113,02230046
CAM04,104EK113,02230047
CAM04,104EK113,02230048
CAM04,104EK113,02230049
CAM04,104EK113,02230050
CAM04,104EK113,02230051
CAM04,104EK113,02230052
CAM04,104EK113,02230053
CAM04,104EK113,02230054
CAM04,104EK113,02230055
CAM04,104EK113,02230056
CAM04,104EK113,02230057
CAM04,104EK113,02230058
CAM04,104EK113,02230059
CAM04,104EK113,02230060
CAM04,104EK113,02230061
CAM04,104EK113,02230062
CAM04,104EK113,02230063
CAM04,104EK113,02230064
CAM04,104EK113,02230065
CAM04,104EK113,02230066
CAM04,104EK113,02230067
CAM04,104EK113,02230068
CAM04,104EK113,02230069
CAM04,104EK113,02230070
CAM04,104EK113,02230071
CAM04,104EK113,02230072
CAM04,104EK113,02230073
CAM04,104EK113,02230074
CAM04,104EK113,02230075
CAM04,104EK113,02230076
CAM04,104EK113,02230077
CAM04,104EK113,02230078
CAM04,104EK113,02230079
CAM04,104EK113,02230080
CAM04,104EK113,02230081
CAM04,104EK113,02230082
CAM04,104EK113,02230083
CAM04,104EK113,02230084
CAM04,104EK113,02230085
CAM04,104EK113,02230086
CAM04,104EK113,02230087
CAM04,104EK113,02230088
CAM04,104EK113,02230089
CAM04,104EK113,02230090
CAM04,104EK113,02230091
CAM04,104EK113,02230092
CAM04,104EK113,02230093
CAM04,104EK113,02230094
CAM04,104EK113,02230095
CAM04,104EK113,02230096
CAM04,104EK113,02230097
CAM04,104EK113,02230098
CAM04,104EK113,02230099
CAM04,104EK113,02230100
CAM04,104EK113,02230101
CAM04,104EK113,02230102
CAM04,104EK113,02230103
CAM04,104EK113,02230104
CAM04,104EK113,02230105
CAM04,104EK113,02230106
CAM04,104EK113,02230107
CAM04,104EK113,02230108
CAM04,104EK113,02230109
CAM04,104EK113,02230110
CAM04,104EK113,02230111
CAM04,104EK113,02230112
CAM04,104EK113,02230113
CAM04,104EK113,02230114
CAM04,104EK113,02230115
CAM04,104EK113,02230116
CAM04,104EK113,02230117
CAM04,104EK113,02230118
CAM04,104EK113,02230119
CAM04,104EK113,02230120
CAM04,104EK113,02230121
CAM04,104EK113,02230122
CAM04,104EK113,02230123
CAM04,104EK113,02230124
CAM04,104EK113,02230125
CAM04,104EK113,02230126
CAM04,104EK113,02230127
CAM04,104EK113,02230128
CAM04,104EK113,02230129
CAM04,104EK113,02230130
CAM04,104EK113,02230131
CAM04,104EK113,02230132
CAM04,104EK113,02230133
CAM04,104EK113,02230134
CAM04,104EK113,02230135
CAM04,104EK113,02230136
CAM04,104EK113,02230137
CAM04,104EK113,02230138
CAM04,104EK113,02230139
CAM04,104EK113,02230140
CAM04,104EK113,02230141
CAM04,104EK113,02230142
CAM04,104EK113,02230143
CAM04,104EK113,02230144
CAM04,104EK113,02230145
CAM04,104EK113,02230146
CAM04,104EK113,02230147
CAM04,104EK113,02230148
CAM04,104EK113,02230149
CAM04,104EK113,02230150
CAM04,104EK113,02230151
CAM04,104EK113,02230152
CAM04,104EK113,02230153
CAM04,104EK113,02230154
CAM04,104EK113,02230155
CAM04,104EK113,02230156
CAM04,104EK113,02230157
CAM04,104EK113,02230158
CAM04,104EK113,02230159
CAM04,104EK113,02230160
CAM04,104EK113,02230161
CAM04,104EK113,02230162
CAM04,104EK113,02230163
CAM04,104EK113,02230164
CAM04,104EK113,02230165
CAM04,104EK113,02230166
CAM04,104EK113,02230167
CAM04,104EK113,02230168
CAM04,104EK113,02230169
CAM04,104EK113,02230170
CAM04,104EK113,02230171
CAM04,104EK113,02230172
CAM04,104EK113,02230173
CAM04,104EK113,02230174
CAM04,104EK113,02230175
CAM04,104EK113,02230176
CAM04,104EK113,02230177
CAM04,104EK113,02230178
CAM04,104EK113,02230179
CAM04,104EK113,02230180
CAM04,104EK113,02230181
CAM04,104EK113,02230182
CAM04,104EK113,02230183
CAM04,104EK113,02230184
CAM04,104EK113,02230185
CAM04,104EK113,02230186
CAM04,104EK113,02230187
CAM04,104EK113,02230188
CAM04,104EK113,02230189
CAM04,104EK113,02230190
CAM04,104EK113,02230191
CAM04,104EK113,02230192
CAM04,104EK113,02230193
CAM04,104EK113,02230194
CAM04,104EK113,02230195
CAM04,104EK113,02230196
CAM04,104EK113,02230197
CAM04,104EK113,02230198
CAM04,104EK113,02230199
CAM04,104EK113,02230200
CAM04,104EK113,02230201
CAM04,104EK113,02230202
CAM04,104EK113,02230203
CAM04,104EK113,02230204
CAM04,104EK113,02230205
CAM04,104EK113,02230206
CAM04,104EK113,02230207
CAM04,104EK113,02230208
CAM04,104EK113,02230209
CAM04,104EK113,02230210
CAM04,104EK113,02230211
CAM04,104EK113,02230212
CAM04,104EK113,02230213
CAM04,104EK113,02230214
CAM04,104EK113,02230215
CAM04,104EK113,02230216
CAM04,104EK113,02230217
CAM04,104EK113,02230218
CAM04,104EK113,02230219
CAM04,104EK113,02230220
CAM04,104EK113,02230221
CAM04,104EK113,02230222
CAM04,104EK113,02230223
CAM04,104EK113,02230224
CAM04,104EK113,02230225
CAM04,104EK113,02230226
CAM04,104EK113,02230227
CAM04,104EK113,02230228
CAM04,104EK113,02230229
CAM04,104EK113,02230230
CAM04,104EK113,02230231
CAM04,104EK113,02230232
CAM04,104EK113,02230233
CAM04,104EK113,02230234
CAM04,104EK113,02230235
CAM04,104EK113,02230236
CAM04,104EK113,02230237
CAM04,104EK113,02230238
CAM04,104EK113,02230239
CAM04,104EK113,02230240
CAM04,104EK113,02230241
CAM04,104EK113,02230242
CAM04,104EK113,02230243
CAM04,104EK113,02230244
CAM04,104EK113,02230245
CAM04,104EK113,02230246
CAM04,104EK113,02230247
CAM04,104EK113,02230248
CAM04,104EK113,02230249
CAM04,104EK113,02230250
CAM04,104EK113,02230251
CAM04,104EK113,02230252
CAM04,104EK113,02230253
CAM04,104EK113,02230254
CAM04,104EK113,02230255
CAM04,104EK113,02230256
CAM04,104EK113,02230257
CAM04,104EK113,02230258
CAM04,104EK113,02230259
CAM04,104EK113,02230260
CAM04,104EK113,02230261
CAM04,104EK113,02230262
CAM04,104EK113,02230263
CAM04,104EK113,02230264
CAM04,104EK113,02230265
CAM04,104EK113,02230266
CAM04,104EK113,02230267
CAM04,104EK113,02230268
CAM04,104EK113,02230269
CAM04,104EK113,02230270
CAM04,104EK113,02230271
CAM04,104EK113,02230272
CAM04,104EK113,02230273
CAM04,104EK113,02230274
CAM04,104EK113,02230275
CAM04,104EK113,02230276
CAM04,104EK113,02230277
CAM04,104EK113,02230278
CAM04,104EK113,02230279
CAM04,104EK113,02230280
CAM04,104EK113,02230281
CAM04,104EK113,02230282
CAM04,104EK113,02230283
CAM04,104EK113,02230284
CAM04,104EK113,02230285
CAM04,104EK113,02230286
CAM04,104EK113,02230287
CAM04,104EK113,02230288
CAM04,104EK113,02230289
CAM04,104EK113,02230290
CAM04,104EK113,02230291
CAM04,104EK113,02230292
CAM04,104EK113,02230293
CAM04,104EK113,02230294
CAM04,104EK113,02230295
CAM04,104EK113,02230296
CAM04,104EK113,02230297
CAM04,104EK113,02230298
CAM04,104EK113,02230299
CAM04,104EK113,02230300
CAM04,104EK113,02230301
CAM04,104EK113,02230302
CAM04,104EK113,02230303
CAM04,104EK113,02230304
CAM04,104EK113,02230305
CAM04,104EK113,02230306
CAM04,104EK113,02230307
CAM04,104EK113,02230308
CAM04,104EK113,02230309
CAM04,104EK113,02230310
CAM04,104EK113,02230311
CAM04,104EK113,02230312
CAM04,104EK113,02230313
CAM04,104EK113,02230314
CAM04,104EK113,02230315
CAM04,104EK113,02230316
CAM04,104EK113,02230317
CAM04,104EK113,02230318
CAM04,104EK113,02230319
CAM04,104EK113,02230320
CAM04,104EK113,02230321
CAM04,104EK113,02230322
CAM04,104EK113,02230323
CAM04,104EK113,02230324
CAM04,104EK113,02230325
CAM04,104EK113,02230326
CAM04,104EK113,02230327
CAM04,104EK113,02230328
CAM04,104EK113,02230329
CAM04,104EK113,02230330
CAM04,104EK113,02230331
CAM04,104EK113,02230332
CAM04,104EK113,02230333
CAM04,104EK113,02230334
CAM04,104EK113,02230335
CAM04,104EK113,02230336
CAM04,104EK113,02230337
CAM04,104EK113,02230338
CAM04,104EK113,02230339
CAM04,104EK113,02230340
CAM04,104EK113,02230341
CAM04,104EK113,02230342
CAM04,104EK113,02230343
CAM04,104EK113,02230344
CAM04,104EK113,02230345
CAM04,104EK113,02230346
CAM04,104EK113,02230347
CAM04,104EK113,02230348
CAM04,104EK113,02230349
CAM04,104EK113,02230350
CAM04,104EK113,02230351
CAM04,104EK113,02230352
CAM04,104EK113,02230353
CAM04,104EK113,02230354
CAM04,104EK113,02230355
CAM04,104EK113,02230356
CAM04,104EK113,02230357
CAM04,104EK113,02230358
CAM04,104EK113,02230359
CAM04,104EK113,02230360
CAM04,104EK113,02230361
CAM04,104EK113,02230362
CAM04,104EK113,02230363
CAM04,104EK113,02230364
CAM04,104EK113,02230365
CAM04,104EK113,02230366
CAM04,104EK113,02230367
CAM04,104EK113,02230368
CAM04,104EK113,02230369
CAM04,104EK113,02230370
CAM04,104EK113,02230371
CAM04,104EK113,02230372
CAM04,104EK113,02230373
CAM04,104EK113,02230374
CAM04,104EK113,02230375
CAM04,104EK113,02230376
CAM04,104EK113,02230377
CAM04,104EK113,02230378
CAM04,104EK113,02230379
CAM04,104EK113,02230380
CAM04,104EK113,02230381
CAM04,104EK113,02230382
CAM04,104EK113,02230383
CAM04,104EK113,02230384
CAM04,104EK113,02230385
CAM04,104EK113,02230386
CAM04,104EK113,02230387
CAM04,104EK113,02230388
CAM04,104EK113,02230389
CAM04,104EK113,02230390
CAM04,104EK113,02230391
CAM04,104EK113,02230392
CAM04,104EK113,02230393
CAM04,104EK113,02230394
CAM04,104EK113,02230395
CAM04,104EK113,02230396
CAM04,104EK113,02230397
CAM04,104EK113,02230398
CAM04,104EK113,02230399
CAM04,104EK113,02230400
CAM04,104EK113,02230401
CAM04,104EK113,02230402
CAM04,104EK113,02230403
CAM04,104EK113,02230404
CAM05,,02042022
CAM05,,02082022
CAM05,,05022022
CAM05,,05032022
CAM05,,09112022
CAM05,,11032022
CAM05,,12032022
CAM05,,12112022
CAM05,,14022022
CAM05,,15032022
CAM05,,18032022
CAM05,,20012022
CAM05,,21012022
CAM05,,23022022
CAM05,,24112022
CAM05,,27022022
CAM05,,28022022
CAM05,,29012022
CAM05,,31012022
CAM05,,31032022
CAM06,,03052022
CAM06,,06052022
CAM06,,09032022
CAM06,,10032022
CAM06,,10062022
CAM06,,11032022
CAM06,,18032022
CAM06,,18052022
CAM06,,18062022
CAM06,,18072022
CAM06,,21032022
CAM06,,21052022
CAM06,,27022022
CAM06,,27072022
CAM06,,29072022
CAM06,,30032022
CAM08,100EK113,01090121
CAM08,100EK113,01090122
CAM08,100EK113,01090123
CAM08,100EK113,01090124
CAM08,100EK113,01090125
CAM08,100EK113,01090126
CAM08,100EK113,01090127
CAM08,100EK113,01090128
CAM08,100EK113,01090129
CAM08,100EK113,01090130
CAM08,100EK113,01090131
CAM08,100EK113,01090132
CAM08,100EK113,01090133
CAM08,100EK113,01090134
CAM08,100EK113,01090135
CAM08,100EK113,02040136
CAM08,100EK113,02040137
CAM08,100EK113,02040138
CAM08,100EK113,02040139
CAM08,100EK113,02040140
CAM08,100EK113,02060141
CAM08,100EK113,02060142
CAM08,100EK113,02060143
CAM08,100EK113,02060144
CAM08,100EK113,02060145
CAM08,100EK113,02240146
CAM08,100EK113,02240147
CAM08,100EK113,02240148
CAM08,100EK113,02240149
CAM08,100EK113,02240150
CAM08,100EK113,02280151
CAM08,100EK113,02280152
CAM08,100EK113,02280153
CAM08,100EK113,02280154
CAM08,100EK113,02280155
CAM08,100EK113,03030156
CAM08,100EK113,03030157
CAM08,100EK113,03030158
CAM08,100EK113,03030159
CAM08,100EK113,03030160
CAM08,100EK113,03030161
CAM08,100EK113,03030162
CAM08,100EK113,03030163
CAM08,100EK113,03030164
CAM08,100EK113,03030165
CAM08,100EK113,03030166
CAM08,100EK113,03030167
CAM08,100EK113,03030168
CAM08,100EK113,03030169
CAM08,100EK113,03030170
CAM08,100EK113,03030171
CAM08,100EK113,03030172
CAM08,100EK113,03030173
CAM08,100EK113,03030174
CAM08,100EK113,03030175
CAM08,100EK113,03030176
CAM08,100EK113,03030177
CAM08,100EK113,03030178
CAM08,100EK113,03030179
CAM08,100EK113,03030180
CAM09,,07112023
CAMARA_TORRE,,06050295
CAMARA_TORRE,,06050296
CAMARA_TORRE,,06050297
CAMARA_TORRE,,06050298
CAMARA_TORRE,,06050299
CAMARA_TORRE,,07110398
CAMARA_TORRE,,08270402
